[{"model": "admin.logentry", "pk": 1, "fields": {"action_time": "2023-01-15T09:00:46.829", "user": 12, "content_type": 19, "object_id": "2", "object_repr": "127.0.0.1", "action_flag": 1, "change_message": "[{\"added\": {}}]"}}, {"model": "admin.logentry", "pk": 2, "fields": {"action_time": "2023-01-15T09:00:49.934", "user": 12, "content_type": 24, "object_id": "1", "object_repr": "Google", "action_flag": 1, "change_message": "[{\"added\": {}}]"}}, {"model": "admin.logentry", "pk": 3, "fields": {"action_time": "2023-01-15T09:23:23.682", "user": 12, "content_type": 24, "object_id": "1", "object_repr": "Google", "action_flag": 3, "change_message": ""}}, {"model": "admin.logentry", "pk": 4, "fields": {"action_time": "2023-01-15T09:23:52.982", "user": 12, "content_type": 24, "object_id": "2", "object_repr": "Google", "action_flag": 1, "change_message": "[{\"added\": {}}]"}}, {"model": "admin.logentry", "pk": 5, "fields": {"action_time": "2023-01-15T09:29:48.428", "user": 12, "content_type": 24, "object_id": "2", "object_repr": "Google", "action_flag": 2, "change_message": "[]"}}, {"model": "admin.logentry", "pk": 6, "fields": {"action_time": "2023-01-17T12:06:01.716", "user": 12, "content_type": 3, "object_id": "1", "object_repr": "common", "action_flag": 1, "change_message": "[{\"added\": {}}]"}}, {"model": "admin.logentry", "pk": 7, "fields": {"action_time": "2023-01-17T12:06:03.843", "user": 12, "content_type": 3, "object_id": "1", "object_repr": "common", "action_flag": 2, "change_message": "[]"}}, {"model": "admin.logentry", "pk": 8, "fields": {"action_time": "2023-01-17T12:06:39.930", "user": 12, "content_type": 3, "object_id": "2", "object_repr": "authors", "action_flag": 1, "change_message": "[{\"added\": {}}]"}}, {"model": "admin.logentry", "pk": 9, "fields": {"action_time": "2023-01-17T12:06:41.531", "user": 12, "content_type": 3, "object_id": "2", "object_repr": "authors", "action_flag": 2, "change_message": "[]"}}, {"model": "admin.logentry", "pk": 10, "fields": {"action_time": "2023-02-12T10:41:31.877", "user": 12, "content_type": 3, "object_id": "2", "object_repr": "authors", "action_flag": 2, "change_message": "[]"}}, {"model": "admin.logentry", "pk": 11, "fields": {"action_time": "2023-02-12T10:46:32.168", "user": 12, "content_type": 3, "object_id": "2", "object_repr": "authors", "action_flag": 2, "change_message": "[{\"changed\": {\"fields\": [\"Permissions\"]}}]"}}, {"model": "admin.logentry", "pk": 12, "fields": {"action_time": "2023-02-12T10:50:08.146", "user": 12, "content_type": 3, "object_id": "2", "object_repr": "authors", "action_flag": 2, "change_message": "[{\"changed\": {\"fields\": [\"Permissions\"]}}]"}}, {"model": "admin.logentry", "pk": 13, "fields": {"action_time": "2023-02-17T05:55:52.871", "user": 12, "content_type": 4, "object_id": "23", "object_repr": "a3", "action_flag": 2, "change_message": "[{\"changed\": {\"fields\": [\"Groups\"]}}]"}}, {"model": "admin.logentry", "pk": 14, "fields": {"action_time": "2023-02-18T12:48:43.549", "user": 12, "content_type": 4, "object_id": "24", "object_repr": "svetlakov.dmtry", "action_flag": 2, "change_message": "[{\"changed\": {\"fields\": [\"Groups\"]}}]"}}, {"model": "admin.logentry", "pk": 15, "fields": {"action_time": "2023-02-18T15:22:15.522", "user": 12, "content_type": 4, "object_id": "24", "object_repr": "svetlakov.dmtry", "action_flag": 3, "change_message": ""}}, {"model": "admin.logentry", "pk": 16, "fields": {"action_time": "2023-02-19T12:40:05.436", "user": 12, "content_type": 4, "object_id": "25", "object_repr": "svetlakov.dmtry", "action_flag": 3, "change_message": ""}}, {"model": "admin.logentry", "pk": 17, "fields": {"action_time": "2023-02-19T12:47:27.160", "user": 12, "content_type": 4, "object_id": "26", "object_repr": "svetlakov.dmtry", "action_flag": 2, "change_message": "[{\"changed\": {\"fields\": [\"Groups\"]}}]"}}, {"model": "admin.logentry", "pk": 18, "fields": {"action_time": "2023-02-19T12:58:15.117", "user": 12, "content_type": 4, "object_id": "26", "object_repr": "svetlakov.dmtry", "action_flag": 3, "change_message": ""}}, {"model": "admin.logentry", "pk": 19, "fields": {"action_time": "2023-02-19T14:20:02.668", "user": 12, "content_type": 4, "object_id": "27", "object_repr": "svetlakov.dmtry", "action_flag": 3, "change_message": ""}}, {"model": "admin.logentry", "pk": 20, "fields": {"action_time": "2023-02-19T14:59:45.144", "user": 12, "content_type": 4, "object_id": "28", "object_repr": "svetlakov.dmtry", "action_flag": 3, "change_message": ""}}, {"model": "admin.logentry", "pk": 21, "fields": {"action_time": "2023-02-19T15:07:22.412", "user": 12, "content_type": 4, "object_id": "29", "object_repr": "svetlakov.dmtry", "action_flag": 3, "change_message": ""}}, {"model": "admin.logentry", "pk": 22, "fields": {"action_time": "2023-02-19T15:12:14.914", "user": 12, "content_type": 4, "object_id": "30", "object_repr": "svetlakov.dmtry", "action_flag": 2, "change_message": "[{\"changed\": {\"fields\": [\"Groups\"]}}]"}}, {"model": "admin.logentry", "pk": 23, "fields": {"action_time": "2023-02-19T15:31:01.347", "user": 12, "content_type": 4, "object_id": "30", "object_repr": "svetlakov.dmtry", "action_flag": 3, "change_message": ""}}, {"model": "admin.logentry", "pk": 24, "fields": {"action_time": "2023-02-19T15:33:13.538", "user": 12, "content_type": 4, "object_id": "31", "object_repr": "svetlakov.dmtry", "action_flag": 3, "change_message": ""}}, {"model": "admin.logentry", "pk": 25, "fields": {"action_time": "2023-02-19T15:43:51.393", "user": 12, "content_type": 4, "object_id": "32", "object_repr": "svetlakov.dmtry", "action_flag": 3, "change_message": ""}}, {"model": "admin.logentry", "pk": 26, "fields": {"action_time": "2023-02-19T15:48:41.074", "user": 12, "content_type": 4, "object_id": "33", "object_repr": "svetlakov.dmtry", "action_flag": 3, "change_message": ""}}, {"model": "admin.logentry", "pk": 27, "fields": {"action_time": "2023-02-21T06:10:17.867", "user": 12, "content_type": 4, "object_id": "34", "object_repr": "svetlakov.dmtry", "action_flag": 2, "change_message": "[{\"changed\": {\"fields\": [\"Groups\"]}}]"}}, {"model": "admin.logentry", "pk": 28, "fields": {"action_time": "2023-02-21T07:19:29.555", "user": 12, "content_type": 4, "object_id": "23", "object_repr": "a3", "action_flag": 2, "change_message": "[{\"changed\": {\"fields\": [\"Email address\"]}}]"}}, {"model": "admin.logentry", "pk": 29, "fields": {"action_time": "2023-02-21T07:46:43.656", "user": 12, "content_type": 4, "object_id": "34", "object_repr": "svetlakov.dmtry", "action_flag": 3, "change_message": ""}}, {"model": "admin.logentry", "pk": 30, "fields": {"action_time": "2023-02-21T07:49:57.512", "user": 12, "content_type": 4, "object_id": "12", "object_repr": "admin", "action_flag": 2, "change_message": "[{\"changed\": {\"fields\": [\"Groups\"]}}]"}}, {"model": "admin.logentry", "pk": 31, "fields": {"action_time": "2023-02-23T10:38:10.289", "user": 12, "content_type": 4, "object_id": "35", "object_repr": "xcvxcv", "action_flag": 2, "change_message": "[{\"changed\": {\"fields\": [\"Groups\"]}}]"}}, {"model": "admin.logentry", "pk": 32, "fields": {"action_time": "2023-02-28T09:04:34.728", "user": 12, "content_type": 14, "object_id": "38", "object_repr": "Технологии Новая2: Технологии новая тек", "action_flag": 2, "change_message": "[{\"changed\": {\"fields\": [\"Type\", \"Title\"]}}]"}}, {"model": "admin.logentry", "pk": 33, "fields": {"action_time": "2023-02-28T09:05:22.554", "user": 12, "content_type": 14, "object_id": "38", "object_repr": "Технологии Новая3: Технологии новая тек", "action_flag": 2, "change_message": "[{\"changed\": {\"fields\": [\"Title\"]}}]"}}, {"model": "admin.logentry", "pk": 34, "fields": {"action_time": "2023-02-28T09:09:48.705", "user": 12, "content_type": 14, "object_id": "38", "object_repr": "Технологии Новая4: Технологии новая тек", "action_flag": 2, "change_message": "[{\"changed\": {\"fields\": [\"Title\"]}}]"}}, {"model": "admin.logentry", "pk": 35, "fields": {"action_time": "2023-02-28T09:13:02.358", "user": 12, "content_type": 14, "object_id": "38", "object_repr": "Технологии Новая5: Технологии новая тек", "action_flag": 2, "change_message": "[{\"changed\": {\"fields\": [\"Title\"]}}]"}}, {"model": "admin.logentry", "pk": 36, "fields": {"action_time": "2023-02-28T09:14:52.973", "user": 12, "content_type": 14, "object_id": "38", "object_repr": "Технологии Новая6: Технологии новая тек", "action_flag": 2, "change_message": "[{\"changed\": {\"fields\": [\"Title\"]}}]"}}, {"model": "admin.logentry", "pk": 37, "fields": {"action_time": "2023-02-28T09:17:01.704", "user": 12, "content_type": 14, "object_id": "38", "object_repr": "Технологии Новая7: Технологии новая тек", "action_flag": 2, "change_message": "[{\"changed\": {\"fields\": [\"Title\"]}}]"}}, {"model": "admin.logentry", "pk": 38, "fields": {"action_time": "2023-02-28T09:21:00.684", "user": 12, "content_type": 14, "object_id": "22", "object_repr": "Titlesa: sваываывавыавыавыаdd", "action_flag": 2, "change_message": "[{\"changed\": {\"fields\": [\"Type\", \"Title\"]}}]"}}, {"model": "admin.logentry", "pk": 39, "fields": {"action_time": "2023-02-28T09:22:49.968", "user": 12, "content_type": 14, "object_id": "22", "object_repr": "Titlesq: sваываывавыавыавыаdd", "action_flag": 2, "change_message": "[{\"changed\": {\"fields\": [\"Title\"]}}]"}}, {"model": "admin.logentry", "pk": 40, "fields": {"action_time": "2023-02-28T09:24:06.753", "user": 12, "content_type": 14, "object_id": "22", "object_repr": "Titlesa: sваываывавыавыавыаdd", "action_flag": 2, "change_message": "[{\"changed\": {\"fields\": [\"Title\"]}}]"}}, {"model": "admin.logentry", "pk": 41, "fields": {"action_time": "2023-02-28T09:27:03.144", "user": 12, "content_type": 14, "object_id": "38", "object_repr": "Технологии Новая8: Технологии новая тек", "action_flag": 2, "change_message": "[{\"changed\": {\"fields\": [\"Title\"]}}]"}}, {"model": "admin.logentry", "pk": 42, "fields": {"action_time": "2023-02-28T09:31:57.419", "user": 12, "content_type": 14, "object_id": "38", "object_repr": "Технологии Новая9: Технологии новая тек", "action_flag": 2, "change_message": "[{\"changed\": {\"fields\": [\"Title\"]}}]"}}, {"model": "admin.logentry", "pk": 43, "fields": {"action_time": "2023-02-28T09:32:15.447", "user": 12, "content_type": 14, "object_id": "38", "object_repr": "Технологии Новая8: Технологии новая тек", "action_flag": 2, "change_message": "[{\"changed\": {\"fields\": [\"Title\"]}}]"}}, {"model": "admin.logentry", "pk": 44, "fields": {"action_time": "2023-02-28T09:34:49.611", "user": 12, "content_type": 14, "object_id": "38", "object_repr": "Технологии Новая9: Технологии новая тек", "action_flag": 2, "change_message": "[{\"changed\": {\"fields\": [\"Title\"]}}]"}}, {"model": "admin.logentry", "pk": 45, "fields": {"action_time": "2023-02-28T09:35:41.422", "user": 12, "content_type": 14, "object_id": "38", "object_repr": "Технологии Новая1: Технологии новая тек", "action_flag": 2, "change_message": "[{\"changed\": {\"fields\": [\"Title\"]}}]"}}, {"model": "admin.logentry", "pk": 46, "fields": {"action_time": "2023-02-28T09:44:30.012", "user": 12, "content_type": 14, "object_id": "38", "object_repr": "Технологии Новая2: Технологии новая тек", "action_flag": 2, "change_message": "[{\"changed\": {\"fields\": [\"Title\"]}}]"}}, {"model": "auth.permission", "pk": 1, "fields": {"name": "Can add log entry", "content_type": 1, "codename": "add_logentry"}}, {"model": "auth.permission", "pk": 2, "fields": {"name": "Can change log entry", "content_type": 1, "codename": "change_logentry"}}, {"model": "auth.permission", "pk": 3, "fields": {"name": "Can delete log entry", "content_type": 1, "codename": "delete_logentry"}}, {"model": "auth.permission", "pk": 4, "fields": {"name": "Can view log entry", "content_type": 1, "codename": "view_logentry"}}, {"model": "auth.permission", "pk": 5, "fields": {"name": "Can add permission", "content_type": 2, "codename": "add_permission"}}, {"model": "auth.permission", "pk": 6, "fields": {"name": "Can change permission", "content_type": 2, "codename": "change_permission"}}, {"model": "auth.permission", "pk": 7, "fields": {"name": "Can delete permission", "content_type": 2, "codename": "delete_permission"}}, {"model": "auth.permission", "pk": 8, "fields": {"name": "Can view permission", "content_type": 2, "codename": "view_permission"}}, {"model": "auth.permission", "pk": 9, "fields": {"name": "Can add group", "content_type": 3, "codename": "add_group"}}, {"model": "auth.permission", "pk": 10, "fields": {"name": "Can change group", "content_type": 3, "codename": "change_group"}}, {"model": "auth.permission", "pk": 11, "fields": {"name": "Can delete group", "content_type": 3, "codename": "delete_group"}}, {"model": "auth.permission", "pk": 12, "fields": {"name": "Can view group", "content_type": 3, "codename": "view_group"}}, {"model": "auth.permission", "pk": 13, "fields": {"name": "Can add user", "content_type": 4, "codename": "add_user"}}, {"model": "auth.permission", "pk": 14, "fields": {"name": "Can change user", "content_type": 4, "codename": "change_user"}}, {"model": "auth.permission", "pk": 15, "fields": {"name": "Can delete user", "content_type": 4, "codename": "delete_user"}}, {"model": "auth.permission", "pk": 16, "fields": {"name": "Can view user", "content_type": 4, "codename": "view_user"}}, {"model": "auth.permission", "pk": 17, "fields": {"name": "Can add content type", "content_type": 5, "codename": "add_contenttype"}}, {"model": "auth.permission", "pk": 18, "fields": {"name": "Can change content type", "content_type": 5, "codename": "change_contenttype"}}, {"model": "auth.permission", "pk": 19, "fields": {"name": "Can delete content type", "content_type": 5, "codename": "delete_contenttype"}}, {"model": "auth.permission", "pk": 20, "fields": {"name": "Can view content type", "content_type": 5, "codename": "view_contenttype"}}, {"model": "auth.permission", "pk": 21, "fields": {"name": "Can add session", "content_type": 6, "codename": "add_session"}}, {"model": "auth.permission", "pk": 22, "fields": {"name": "Can change session", "content_type": 6, "codename": "change_session"}}, {"model": "auth.permission", "pk": 23, "fields": {"name": "Can delete session", "content_type": 6, "codename": "delete_session"}}, {"model": "auth.permission", "pk": 24, "fields": {"name": "Can view session", "content_type": 6, "codename": "view_session"}}, {"model": "auth.permission", "pk": 25, "fields": {"name": "Can add order", "content_type": 7, "codename": "add_order"}}, {"model": "auth.permission", "pk": 26, "fields": {"name": "Can change order", "content_type": 7, "codename": "change_order"}}, {"model": "auth.permission", "pk": 27, "fields": {"name": "Can delete order", "content_type": 7, "codename": "delete_order"}}, {"model": "auth.permission", "pk": 28, "fields": {"name": "Can view order", "content_type": 7, "codename": "view_order"}}, {"model": "auth.permission", "pk": 29, "fields": {"name": "Can add product", "content_type": 8, "codename": "add_product"}}, {"model": "auth.permission", "pk": 30, "fields": {"name": "Can change product", "content_type": 8, "codename": "change_product"}}, {"model": "auth.permission", "pk": 31, "fields": {"name": "Can delete product", "content_type": 8, "codename": "delete_product"}}, {"model": "auth.permission", "pk": 32, "fields": {"name": "Can view product", "content_type": 8, "codename": "view_product"}}, {"model": "auth.permission", "pk": 33, "fields": {"name": "Can add staff", "content_type": 9, "codename": "add_staff"}}, {"model": "auth.permission", "pk": 34, "fields": {"name": "Can change staff", "content_type": 9, "codename": "change_staff"}}, {"model": "auth.permission", "pk": 35, "fields": {"name": "Can delete staff", "content_type": 9, "codename": "delete_staff"}}, {"model": "auth.permission", "pk": 36, "fields": {"name": "Can view staff", "content_type": 9, "codename": "view_staff"}}, {"model": "auth.permission", "pk": 37, "fields": {"name": "Can add product order", "content_type": 10, "codename": "add_productorder"}}, {"model": "auth.permission", "pk": 38, "fields": {"name": "Can change product order", "content_type": 10, "codename": "change_productorder"}}, {"model": "auth.permission", "pk": 39, "fields": {"name": "Can delete product order", "content_type": 10, "codename": "delete_productorder"}}, {"model": "auth.permission", "pk": 40, "fields": {"name": "Can view product order", "content_type": 10, "codename": "view_productorder"}}, {"model": "auth.permission", "pk": 41, "fields": {"name": "Can add user", "content_type": 11, "codename": "add_user_n"}}, {"model": "auth.permission", "pk": 42, "fields": {"name": "Can change user", "content_type": 11, "codename": "change_user_n"}}, {"model": "auth.permission", "pk": 43, "fields": {"name": "Can delete user", "content_type": 11, "codename": "delete_user_n"}}, {"model": "auth.permission", "pk": 44, "fields": {"name": "Can view user", "content_type": 11, "codename": "view_user_n"}}, {"model": "auth.permission", "pk": 45, "fields": {"name": "Can add user", "content_type": 12, "codename": "add_user_news"}}, {"model": "auth.permission", "pk": 46, "fields": {"name": "Can change user", "content_type": 12, "codename": "change_user_news"}}, {"model": "auth.permission", "pk": 47, "fields": {"name": "Can delete user", "content_type": 12, "codename": "delete_user_news"}}, {"model": "auth.permission", "pk": 48, "fields": {"name": "Can view user", "content_type": 12, "codename": "view_user_news"}}, {"model": "auth.permission", "pk": 49, "fields": {"name": "Can add author", "content_type": 13, "codename": "add_author"}}, {"model": "auth.permission", "pk": 50, "fields": {"name": "Can change author", "content_type": 13, "codename": "change_author"}}, {"model": "auth.permission", "pk": 51, "fields": {"name": "Can delete author", "content_type": 13, "codename": "delete_author"}}, {"model": "auth.permission", "pk": 52, "fields": {"name": "Can view author", "content_type": 13, "codename": "view_author"}}, {"model": "auth.permission", "pk": 53, "fields": {"name": "Can add post", "content_type": 14, "codename": "add_post"}}, {"model": "auth.permission", "pk": 54, "fields": {"name": "Can change post", "content_type": 14, "codename": "change_post"}}, {"model": "auth.permission", "pk": 55, "fields": {"name": "Can delete post", "content_type": 14, "codename": "delete_post"}}, {"model": "auth.permission", "pk": 56, "fields": {"name": "Can view post", "content_type": 14, "codename": "view_post"}}, {"model": "auth.permission", "pk": 57, "fields": {"name": "Can add category", "content_type": 15, "codename": "add_category"}}, {"model": "auth.permission", "pk": 58, "fields": {"name": "Can change category", "content_type": 15, "codename": "change_category"}}, {"model": "auth.permission", "pk": 59, "fields": {"name": "Can delete category", "content_type": 15, "codename": "delete_category"}}, {"model": "auth.permission", "pk": 60, "fields": {"name": "Can view category", "content_type": 15, "codename": "view_category"}}, {"model": "auth.permission", "pk": 61, "fields": {"name": "Can add post category", "content_type": 16, "codename": "add_postcategory"}}, {"model": "auth.permission", "pk": 62, "fields": {"name": "Can change post category", "content_type": 16, "codename": "change_postcategory"}}, {"model": "auth.permission", "pk": 63, "fields": {"name": "Can delete post category", "content_type": 16, "codename": "delete_postcategory"}}, {"model": "auth.permission", "pk": 64, "fields": {"name": "Can view post category", "content_type": 16, "codename": "view_postcategory"}}, {"model": "auth.permission", "pk": 65, "fields": {"name": "Can add user", "content_type": 17, "codename": "add_user"}}, {"model": "auth.permission", "pk": 66, "fields": {"name": "Can change user", "content_type": 17, "codename": "change_user"}}, {"model": "auth.permission", "pk": 67, "fields": {"name": "Can delete user", "content_type": 17, "codename": "delete_user"}}, {"model": "auth.permission", "pk": 68, "fields": {"name": "Can view user", "content_type": 17, "codename": "view_user"}}, {"model": "auth.permission", "pk": 69, "fields": {"name": "Can add comment", "content_type": 18, "codename": "add_comment"}}, {"model": "auth.permission", "pk": 70, "fields": {"name": "Can change comment", "content_type": 18, "codename": "change_comment"}}, {"model": "auth.permission", "pk": 71, "fields": {"name": "Can delete comment", "content_type": 18, "codename": "delete_comment"}}, {"model": "auth.permission", "pk": 72, "fields": {"name": "Can view comment", "content_type": 18, "codename": "view_comment"}}, {"model": "auth.permission", "pk": 73, "fields": {"name": "Can add site", "content_type": 19, "codename": "add_site"}}, {"model": "auth.permission", "pk": 74, "fields": {"name": "Can change site", "content_type": 19, "codename": "change_site"}}, {"model": "auth.permission", "pk": 75, "fields": {"name": "Can delete site", "content_type": 19, "codename": "delete_site"}}, {"model": "auth.permission", "pk": 76, "fields": {"name": "Can view site", "content_type": 19, "codename": "view_site"}}, {"model": "auth.permission", "pk": 77, "fields": {"name": "Can add flat page", "content_type": 20, "codename": "add_flatpage"}}, {"model": "auth.permission", "pk": 78, "fields": {"name": "Can change flat page", "content_type": 20, "codename": "change_flatpage"}}, {"model": "auth.permission", "pk": 79, "fields": {"name": "Can delete flat page", "content_type": 20, "codename": "delete_flatpage"}}, {"model": "auth.permission", "pk": 80, "fields": {"name": "Can view flat page", "content_type": 20, "codename": "view_flatpage"}}, {"model": "auth.permission", "pk": 81, "fields": {"name": "Can add email address", "content_type": 21, "codename": "add_emailaddress"}}, {"model": "auth.permission", "pk": 82, "fields": {"name": "Can change email address", "content_type": 21, "codename": "change_emailaddress"}}, {"model": "auth.permission", "pk": 83, "fields": {"name": "Can delete email address", "content_type": 21, "codename": "delete_emailaddress"}}, {"model": "auth.permission", "pk": 84, "fields": {"name": "Can view email address", "content_type": 21, "codename": "view_emailaddress"}}, {"model": "auth.permission", "pk": 85, "fields": {"name": "Can add email confirmation", "content_type": 22, "codename": "add_emailconfirmation"}}, {"model": "auth.permission", "pk": 86, "fields": {"name": "Can change email confirmation", "content_type": 22, "codename": "change_emailconfirmation"}}, {"model": "auth.permission", "pk": 87, "fields": {"name": "Can delete email confirmation", "content_type": 22, "codename": "delete_emailconfirmation"}}, {"model": "auth.permission", "pk": 88, "fields": {"name": "Can view email confirmation", "content_type": 22, "codename": "view_emailconfirmation"}}, {"model": "auth.permission", "pk": 89, "fields": {"name": "Can add social account", "content_type": 23, "codename": "add_socialaccount"}}, {"model": "auth.permission", "pk": 90, "fields": {"name": "Can change social account", "content_type": 23, "codename": "change_socialaccount"}}, {"model": "auth.permission", "pk": 91, "fields": {"name": "Can delete social account", "content_type": 23, "codename": "delete_socialaccount"}}, {"model": "auth.permission", "pk": 92, "fields": {"name": "Can view social account", "content_type": 23, "codename": "view_socialaccount"}}, {"model": "auth.permission", "pk": 93, "fields": {"name": "Can add social application", "content_type": 24, "codename": "add_socialapp"}}, {"model": "auth.permission", "pk": 94, "fields": {"name": "Can change social application", "content_type": 24, "codename": "change_socialapp"}}, {"model": "auth.permission", "pk": 95, "fields": {"name": "Can delete social application", "content_type": 24, "codename": "delete_socialapp"}}, {"model": "auth.permission", "pk": 96, "fields": {"name": "Can view social application", "content_type": 24, "codename": "view_socialapp"}}, {"model": "auth.permission", "pk": 97, "fields": {"name": "Can add social application token", "content_type": 25, "codename": "add_socialtoken"}}, {"model": "auth.permission", "pk": 98, "fields": {"name": "Can change social application token", "content_type": 25, "codename": "change_socialtoken"}}, {"model": "auth.permission", "pk": 99, "fields": {"name": "Can delete social application token", "content_type": 25, "codename": "delete_socialtoken"}}, {"model": "auth.permission", "pk": 100, "fields": {"name": "Can view social application token", "content_type": 25, "codename": "view_socialtoken"}}, {"model": "auth.permission", "pk": 101, "fields": {"name": "Can add appointment", "content_type": 26, "codename": "add_appointment"}}, {"model": "auth.permission", "pk": 102, "fields": {"name": "Can change appointment", "content_type": 26, "codename": "change_appointment"}}, {"model": "auth.permission", "pk": 103, "fields": {"name": "Can delete appointment", "content_type": 26, "codename": "delete_appointment"}}, {"model": "auth.permission", "pk": 104, "fields": {"name": "Can view appointment", "content_type": 26, "codename": "view_appointment"}}, {"model": "auth.permission", "pk": 105, "fields": {"name": "Can add appointment", "content_type": 27, "codename": "add_appointment"}}, {"model": "auth.permission", "pk": 106, "fields": {"name": "Can change appointment", "content_type": 27, "codename": "change_appointment"}}, {"model": "auth.permission", "pk": 107, "fields": {"name": "Can delete appointment", "content_type": 27, "codename": "delete_appointment"}}, {"model": "auth.permission", "pk": 108, "fields": {"name": "Can view appointment", "content_type": 27, "codename": "view_appointment"}}, {"model": "auth.permission", "pk": 109, "fields": {"name": "Can add django job", "content_type": 28, "codename": "add_djangojob"}}, {"model": "auth.permission", "pk": 110, "fields": {"name": "Can change django job", "content_type": 28, "codename": "change_djangojob"}}, {"model": "auth.permission", "pk": 111, "fields": {"name": "Can delete django job", "content_type": 28, "codename": "delete_djangojob"}}, {"model": "auth.permission", "pk": 112, "fields": {"name": "Can view django job", "content_type": 28, "codename": "view_djangojob"}}, {"model": "auth.permission", "pk": 113, "fields": {"name": "Can add django job execution", "content_type": 29, "codename": "add_djangojobexecution"}}, {"model": "auth.permission", "pk": 114, "fields": {"name": "Can change django job execution", "content_type": 29, "codename": "change_djangojobexecution"}}, {"model": "auth.permission", "pk": 115, "fields": {"name": "Can delete django job execution", "content_type": 29, "codename": "delete_djangojobexecution"}}, {"model": "auth.permission", "pk": 116, "fields": {"name": "Can view django job execution", "content_type": 29, "codename": "view_djangojobexecution"}}, {"model": "auth.group", "pk": 1, "fields": {"name": "common", "permissions": []}}, {"model": "auth.group", "pk": 2, "fields": {"name": "authors", "permissions": [53, 54]}}, {"model": "auth.user", "pk": 1, "fields": {"password": "aaaaaa", "last_login": null, "is_superuser": false, "username": "Пользователь1", "first_name": "", "last_name": "", "email": "", "is_staff": false, "is_active": true, "date_joined": "2022-12-09T17:47:28.976", "groups": [], "user_permissions": []}}, {"model": "auth.user", "pk": 2, "fields": {"password": "aaaaaa", "last_login": null, "is_superuser": false, "username": "Пользователь2", "first_name": "", "last_name": "", "email": "", "is_staff": false, "is_active": true, "date_joined": "2022-12-09T17:57:11.098", "groups": [], "user_permissions": []}}, {"model": "auth.user", "pk": 3, "fields": {"password": "aaaaaa", "last_login": null, "is_superuser": false, "username": "Пользователь3", "first_name": "", "last_name": "", "email": "", "is_staff": false, "is_active": true, "date_joined": "2022-12-09T17:58:29.410", "groups": [], "user_permissions": []}}, {"model": "auth.user", "pk": 4, "fields": {"password": "asfdrn", "last_login": null, "is_superuser": false, "username": "Пользователь 1", "first_name": "", "last_name": "", "email": "", "is_staff": false, "is_active": true, "date_joined": "2022-12-09T20:38:39.499", "groups": [], "user_permissions": []}}, {"model": "auth.user", "pk": 5, "fields": {"password": "jfkong", "last_login": null, "is_superuser": false, "username": "Пользователь 2", "first_name": "", "last_name": "", "email": "", "is_staff": false, "is_active": true, "date_joined": "2022-12-09T20:38:47.984", "groups": [], "user_permissions": []}}, {"model": "auth.user", "pk": 6, "fields": {"password": "asfdrn", "last_login": null, "is_superuser": false, "username": "Пользователь 3", "first_name": "", "last_name": "", "email": "", "is_staff": false, "is_active": true, "date_joined": "2022-12-09T23:04:59.010", "groups": [], "user_permissions": []}}, {"model": "auth.user", "pk": 7, "fields": {"password": "jfkong", "last_login": null, "is_superuser": false, "username": "Пользователь 4", "first_name": "", "last_name": "", "email": "", "is_staff": false, "is_active": true, "date_joined": "2022-12-09T23:05:20.499", "groups": [], "user_permissions": []}}, {"model": "auth.user", "pk": 8, "fields": {"password": "asfdrn", "last_login": null, "is_superuser": false, "username": "Михаил И.С.", "first_name": "", "last_name": "", "email": "", "is_staff": false, "is_active": true, "date_joined": "2022-12-10T10:35:46.700", "groups": [], "user_permissions": []}}, {"model": "auth.user", "pk": 9, "fields": {"password": "jfkong", "last_login": null, "is_superuser": false, "username": "Фёдор А.Ю.", "first_name": "", "last_name": "", "email": "", "is_staff": false, "is_active": true, "date_joined": "2022-12-10T10:35:48.046", "groups": [], "user_permissions": []}}, {"model": "auth.user", "pk": 10, "fields": {"password": "asfdrn", "last_login": null, "is_superuser": false, "username": "Михаил Б.С.", "first_name": "", "last_name": "", "email": "", "is_staff": false, "is_active": true, "date_joined": "2022-12-10T10:38:16.035", "groups": [], "user_permissions": []}}, {"model": "auth.user", "pk": 11, "fields": {"password": "jfkong", "last_login": null, "is_superuser": false, "username": "Фёдор П.Ю.", "first_name": "", "last_name": "", "email": "", "is_staff": false, "is_active": true, "date_joined": "2022-12-10T10:38:17.182", "groups": [], "user_permissions": []}}, {"model": "auth.user", "pk": 12, "fields": {"password": "pbkdf2_sha256$390000$1R79GzaZoWmFemi3wxIPrG$hXFR3Is5ZUEdGWsup0yPvgRXwBkl2BFX4V6VFxIbDz8=", "last_login": "2023-02-28T09:03:53.061", "is_superuser": true, "username": "admin", "first_name": "", "last_name": "", "email": "", "is_staff": true, "is_active": true, "date_joined": "2022-12-15T20:40:50", "groups": [1, 2], "user_permissions": []}}, {"model": "auth.user", "pk": 13, "fields": {"password": "jfkong", "last_login": null, "is_superuser": false, "username": "Иван К.И.", "first_name": "", "last_name": "", "email": "", "is_staff": false, "is_active": true, "date_joined": "2022-12-24T14:36:32.899", "groups": [], "user_permissions": []}}, {"model": "auth.user", "pk": 14, "fields": {"password": "jfkong", "last_login": null, "is_superuser": false, "username": "Максим А.К.", "first_name": "", "last_name": "", "email": "", "is_staff": false, "is_active": true, "date_joined": "2022-12-24T14:37:48.383", "groups": [], "user_permissions": []}}, {"model": "auth.user", "pk": 15, "fields": {"password": "jfkong", "last_login": null, "is_superuser": false, "username": "Дмитрий А.В.", "first_name": "", "last_name": "", "email": "", "is_staff": false, "is_active": true, "date_joined": "2022-12-24T14:37:49.902", "groups": [], "user_permissions": []}}, {"model": "auth.user", "pk": 16, "fields": {"password": "pbkdf2_sha256$390000$X2Td7HCCtPOCKx2WgGvcWx$SDiTXaK9OlhhYRM1KK+LNjJfoWmJHgu1xh0uK55L4fM=", "last_login": "2023-01-15T08:53:01.084", "is_superuser": false, "username": "1", "first_name": "", "last_name": "", "email": "1@yande.ru", "is_staff": false, "is_active": true, "date_joined": "2023-01-15T08:49:39.255", "groups": [], "user_permissions": []}}, {"model": "auth.user", "pk": 17, "fields": {"password": "!KE9eTZtZHrLTZtvyz1GDky7P0ZjWPenSYKFoiK3P", "last_login": "2023-02-16T05:08:20.227", "is_superuser": false, "username": "namij", "first_name": "Namij", "last_name": "Familij", "email": "svetlakovdmitry@gmail.com", "is_staff": false, "is_active": true, "date_joined": "2023-01-15T10:03:27.702", "groups": [], "user_permissions": []}}, {"model": "auth.user", "pk": 18, "fields": {"password": "pbkdf2_sha256$390000$a3xE5HNTukig2SLbwmdvr4$5xaPhl0WRQE8YnKBgp1AhCn7fzQchYuvFngsCDLoWqQ=", "last_login": "2023-01-17T12:24:07.796", "is_superuser": false, "username": "4", "first_name": "", "last_name": "", "email": "4@example.com", "is_staff": false, "is_active": true, "date_joined": "2023-01-17T09:15:27.450", "groups": [2], "user_permissions": []}}, {"model": "auth.user", "pk": 19, "fields": {"password": "pbkdf2_sha256$390000$QYAY2sxmWu2QWG0kjBSh0q$4MWO1fQmX7TuPONRAl/JMvpETNriNH/WVqQOjQ5cBMY=", "last_login": "2023-01-17T11:40:26.239", "is_superuser": false, "username": "15", "first_name": "", "last_name": "", "email": "1@example.com", "is_staff": false, "is_active": true, "date_joined": "2023-01-17T11:40:25.283", "groups": [], "user_permissions": []}}, {"model": "auth.user", "pk": 20, "fields": {"password": "pbkdf2_sha256$390000$qmYTChr7Oidd1DW4ES63XH$cgr/U+wdA1CM8qK8d38n1Mc9nR6U7+CYDPnPCcttxcI=", "last_login": "2023-01-17T11:40:26.083", "is_superuser": false, "username": "11", "first_name": "", "last_name": "", "email": "1@example.com", "is_staff": false, "is_active": true, "date_joined": "2023-01-17T11:40:25.304", "groups": [], "user_permissions": []}}, {"model": "auth.user", "pk": 21, "fields": {"password": "pbkdf2_sha256$390000$PMbExjqsysutRUfnZqYk3x$3iXx/gv96GqTthW2ZXynCoxUJrTj1RF4yqZiZhOZ9Ms=", "last_login": "2023-01-17T13:48:52.171", "is_superuser": false, "username": "5", "first_name": "", "last_name": "", "email": "5@example.com", "is_staff": false, "is_active": true, "date_joined": "2023-01-17T13:48:51.395", "groups": [1], "user_permissions": []}}, {"model": "auth.user", "pk": 22, "fields": {"password": "pbkdf2_sha256$390000$qX2nZc6KqOf2QqcajG7AXH$Lh/7nijkxmNu3laaSGqwW9UjeJh4Nnu0LzkYtUdezik=", "last_login": "2023-02-12T10:52:52.830", "is_superuser": false, "username": "a1", "first_name": "", "last_name": "", "email": "a1@yandex.ru", "is_staff": false, "is_active": true, "date_joined": "2023-02-12T10:10:18.202", "groups": [1, 2], "user_permissions": []}}, {"model": "auth.user", "pk": 23, "fields": {"password": "pbkdf2_sha256$390000$V8qHlcjoGNZdNkxLAezqM9$CWCOehk4o25hSBywiOdVWNsN7We5LVGb0fH1snTdyv8=", "last_login": "2023-02-17T05:56:26", "is_superuser": false, "username": "a3", "first_name": "", "last_name": "", "email": "", "is_staff": false, "is_active": true, "date_joined": "2023-02-17T05:55:14", "groups": [1, 2], "user_permissions": []}}, {"model": "auth.user", "pk": 35, "fields": {"password": "pbkdf2_sha256$390000$9BQ69gTeJbv3MmeMQ9hZHB$bnyspbpV2eAD8O4HP3bN7OxI1NUO0XPVnhBM1BXhXFI=", "last_login": "2023-02-23T10:38:31.563", "is_superuser": false, "username": "xcvxcv", "first_name": "", "last_name": "", "email": "svetlakov.dmtry@yandex.ru", "is_staff": false, "is_active": true, "date_joined": "2023-02-21T07:47:43", "groups": [1, 2], "user_permissions": []}}, {"model": "contenttypes.contenttype", "pk": 1, "fields": {"app_label": "admin", "model": "logentry"}}, {"model": "contenttypes.contenttype", "pk": 2, "fields": {"app_label": "auth", "model": "permission"}}, {"model": "contenttypes.contenttype", "pk": 3, "fields": {"app_label": "auth", "model": "group"}}, {"model": "contenttypes.contenttype", "pk": 4, "fields": {"app_label": "auth", "model": "user"}}, {"model": "contenttypes.contenttype", "pk": 5, "fields": {"app_label": "contenttypes", "model": "contenttype"}}, {"model": "contenttypes.contenttype", "pk": 6, "fields": {"app_label": "sessions", "model": "session"}}, {"model": "contenttypes.contenttype", "pk": 7, "fields": {"app_label": "mc_donalds", "model": "order"}}, {"model": "contenttypes.contenttype", "pk": 8, "fields": {"app_label": "mc_donalds", "model": "product"}}, {"model": "contenttypes.contenttype", "pk": 9, "fields": {"app_label": "mc_donalds", "model": "staff"}}, {"model": "contenttypes.contenttype", "pk": 10, "fields": {"app_label": "mc_donalds", "model": "productorder"}}, {"model": "contenttypes.contenttype", "pk": 11, "fields": {"app_label": "news", "model": "user_n"}}, {"model": "contenttypes.contenttype", "pk": 12, "fields": {"app_label": "news", "model": "user_news"}}, {"model": "contenttypes.contenttype", "pk": 13, "fields": {"app_label": "news", "model": "author"}}, {"model": "contenttypes.contenttype", "pk": 14, "fields": {"app_label": "news", "model": "post"}}, {"model": "contenttypes.contenttype", "pk": 15, "fields": {"app_label": "news", "model": "category"}}, {"model": "contenttypes.contenttype", "pk": 16, "fields": {"app_label": "news", "model": "postcategory"}}, {"model": "contenttypes.contenttype", "pk": 17, "fields": {"app_label": "news", "model": "user"}}, {"model": "contenttypes.contenttype", "pk": 18, "fields": {"app_label": "news", "model": "comment"}}, {"model": "contenttypes.contenttype", "pk": 19, "fields": {"app_label": "sites", "model": "site"}}, {"model": "contenttypes.contenttype", "pk": 20, "fields": {"app_label": "flatpages", "model": "flatpage"}}, {"model": "contenttypes.contenttype", "pk": 21, "fields": {"app_label": "account", "model": "emailaddress"}}, {"model": "contenttypes.contenttype", "pk": 22, "fields": {"app_label": "account", "model": "emailconfirmation"}}, {"model": "contenttypes.contenttype", "pk": 23, "fields": {"app_label": "socialaccount", "model": "socialaccount"}}, {"model": "contenttypes.contenttype", "pk": 24, "fields": {"app_label": "socialaccount", "model": "socialapp"}}, {"model": "contenttypes.contenttype", "pk": 25, "fields": {"app_label": "socialaccount", "model": "socialtoken"}}, {"model": "contenttypes.contenttype", "pk": 26, "fields": {"app_label": "appointments", "model": "appointment"}}, {"model": "contenttypes.contenttype", "pk": 27, "fields": {"app_label": "appointment", "model": "appointment"}}, {"model": "contenttypes.contenttype", "pk": 28, "fields": {"app_label": "django_apscheduler", "model": "djangojob"}}, {"model": "contenttypes.contenttype", "pk": 29, "fields": {"app_label": "django_apscheduler", "model": "djangojobexecution"}}, {"model": "sessions.session", "pk": "0k2pop4b8p5tuamjlkbxq9kfx5elhpbt", "fields": {"session_data": ".eJxVjEEOgyAURO_CujEgfAR37UXIB76RlGKi0E3Tu1cbNy7nzcz7MAxhaaW6N61pShQdvTBlNpaW8405bHV2baPVpchG1ht2gR7Dk8rRYM4H7k5f99-c9dbd90SlpoA1LeVxvi6qGbd598AguSZutQUFgQfBdbRKaUWBBBhrUAoZpdQSBt97L4AmadAIgn4ALdn3B3t9Rm4:1pTkZv:G3lTYRDhCHQyM0g5zpgvCu_6Un_vlstZXCGux4VY2oM", "expire_date": "2023-03-05T14:22:11.516"}}, {"model": "sessions.session", "pk": "5cgdscd80wbpploswkfqf9ux9z5cjz81", "fields": {"session_data": ".eJxVjMsOwiAUBf-FtSFAyy24dO83kPsAqZo2Ke3K-O_apAvdnpk5L5VwW2vaWl7SKOqsrFOn35GQH3naidxxus2a52ldRtK7og_a9HWW_Lwc7t9BxVa_NQWUHlwuYF1HgkIUTeSA3nvqgCT2PXEBKDQgA9sSPZQAnN1gjTPq_QEv9DjF:1pWvtp:ZGC4oQt_DrR18cZu33ixl2D9Mr-bulZTEH5r9LPT0AE", "expire_date": "2023-03-14T09:03:53.066"}}, {"model": "sessions.session", "pk": "5s7o95ch4melbhu64cgbmd4x9m49rrhh", "fields": {"session_data": ".eJxVjMsOwiAUBf-FtSFAyy24dO83kPsAqZo2Ke3K-O_apAvdnpk5L5VwW2vaWl7SKOqsrFOn35GQH3naidxxus2a52ldRtK7og_a9HWW_Lwc7t9BxVa_NQWUHlwuYF1HgkIUTeSA3nvqgCT2PXEBKDQgA9sSPZQAnN1gjTPq_QEv9DjF:1pHiaU:B_a_AtV3vZeYtpqTV2wDvTp6LdDYiJB3oZsLAd7UOZk", "expire_date": "2023-01-31T13:49:02.481"}}, {"model": "sessions.session", "pk": "6rrc7fwbkkoyn2st5dwzl3e2fmtb0ze4", "fields": {"session_data": ".eJxVjMsOwiAUBf-FtSFAyy24dO83kPsAqZo2Ke3K-O_apAvdnpk5L5VwW2vaWl7SKOqsrFOn35GQH3naidxxus2a52ldRtK7og_a9HWW_Lwc7t9BxVa_NQWUHlwuYF1HgkIUTeSA3nvqgCT2PXEBKDQgA9sSPZQAnN1gjTPq_QEv9DjF:1p5sEZ:f7CB89zoLjMniphVuYo2_2enKApktqy4g_oG0-yaER4", "expire_date": "2022-12-29T20:41:27.523"}}, {"model": "sessions.session", "pk": "7rq92iidgejbvg434rd2fnfn34h1gjko", "fields": {"session_data": ".eJxVjU0OgjAQhe_StSGFOtay04s005khNJJiaEk0xrtbDAtdvr_vvZTHtYx-zbL4yKpXBtTh1wxIN0lbgtO02Q0SzWsqzbezx7m5VCWpRMIS53TdV3-oEfNYOdoha6eBrKY2YGA6kYEjh26AjgK4oE0rA4i1KIY7NxgIYM9Mmg0ybdAsOdcbL497XJ6q1-8PFcJEww:1pV8zf:BQwOtAPONsqKVG2ti6jqUH1ik8koMeReIcoiOr1RzXU", "expire_date": "2023-03-09T10:38:31.568"}}, {"model": "sessions.session", "pk": "cmty266iwpwro96tg0af0zj72hpemh3z", "fields": {"session_data": ".eJxVjE0OgjAQhe_StSFTpEDZ6UWamWEaGmtJpHVjvLvFsGHzkvf3fRQyryVl95ZX8EFmJ08MUU2pxHhRDkteXNnk5cKsJqWtOoWE_JC0NxjjHjcHr_lvjnprbtVJyoExhzXdj9cJteC2VI7pPYnRSK0fu67qIL4XiwYBBgYCIu60ZqPtUAVsT9gSXGcDgOJH9f0Bzj5IUQ:1pHga2:H-GYHuacO089hPaIummcwyfTdI4wJDP_h6nt6XgZAcU", "expire_date": "2023-01-31T11:40:26.282"}}, {"model": "sessions.session", "pk": "ks3u90tvarrzc66an2wsoazxq6sdfvkk", "fields": {"session_data": ".eJxVjMsOwiAUBf-FtSFAyy24dO83kPsAqZo2Ke3K-O_apAvdnpk5L5VwW2vaWl7SKOqsrFOn35GQH3naidxxus2a52ldRtK7og_a9HWW_Lwc7t9BxVa_NQWUHlwuYF1HgkIUTeSA3nvqgCT2PXEBKDQgA9sSPZQAnN1gjTPq_QEv9DjF:1pEV9I:lA6n0QfG4l_IklhlaH5hEaokK69iLh23V7W5RoMOoGw", "expire_date": "2023-01-22T12:51:40.907"}}, {"model": "sessions.session", "pk": "m2bs062o9juo047zkzfka86xcto8djua", "fields": {"session_data": ".eJxVjU0OgjAQhe_StSGFOtay04s005khNJJiaEk0xrtbDAtdvr_vvZTHtYx-zbL4yKpXBtTh1wxIN0lbgtO02Q0SzWsqzbezx7m5VCWpRMIS53TdV3-oEfNYOdoha6eBrKY2YGA6kYEjh26AjgK4oE0rA4i1KIY7NxgIYM9Mmg0ybdAsOdcbL497XJ6q1-8PFcJEww:1pUNR4:KSISPi2TVg0okPpf8G8FH82fVSzymLDs-efjLnAfn3Q", "expire_date": "2023-03-07T07:51:38.802"}}, {"model": "sessions.session", "pk": "oddhm10cfoljkeapl1yiouckyyvgvgpy", "fields": {"session_data": ".eJxVjMEOgyAQRP-Fc2NQKLje2h8hy7JEUopJhV6a_nu18eJx3sy8j0CipZXq3vxKMXFw_MSUxVRazhfhsNXZtZVfLgUxiX4UJ-iRHlz2BnPecXf4uv_mqNfutiUuNRHWtJT78TqpZlznzSMVqgAW-isBRCsjeIg8ahXUoK03FEh5bTVEaYJnMMFINZImGvygoBffH7BHR80:1pHeJk:zEoUIkpKd1OGfOr5DFgorLx574Wy4YU93b3pRuzVpQE", "expire_date": "2023-01-31T09:15:28.233"}}, {"model": "sessions.session", "pk": "rfft19noq0o1kpvydpkyyd9dppksf5o7", "fields": {"session_data": ".eJxVjcsOgjAQRf-la0OmhekAO_2RZvoKjaQYWxKN8d8Fw0KX93XuSxhe62TWEu4meTEKpcTp17TsriHvCc_zbjfs3LLm2nw7R1ya86ZCrslxTUu-HKs_1MRl2jigwKLvyA_Ws-og4qBajxQpSOC27bXsSUbQCJYQyUpEB0BRS91S3-3QEkrZbkx43NL9KUZ4fwCi4EIw:1pR9yW:s3yp1cGvSPl2dY3y1uEeMQcsjmt8BP5O5tQwhh7rvuA", "expire_date": "2023-02-26T10:52:52.835"}}, {"model": "sessions.session", "pk": "v68pd45a3q6xkurc8pxnjqf0f2gd7dmd", "fields": {"session_data": ".eJxVjMsOwiAUBf-FtSFAyy24dO83kPsAqZo2Ke3K-O_apAvdnpk5L5VwW2vaWl7SKOqsrFOn35GQH3naidxxus2a52ldRtK7og_a9HWW_Lwc7t9BxVa_NQWUHlwuYF1HgkIUTeSA3nvqgCT2PXEBKDQgA9sSPZQAnN1gjTPq_QEv9DjF:1pSZGG:WFRH5CfCra6mHOKuYRB-rFhYY8rl41OMltYJvhP1jmo", "expire_date": "2023-03-02T08:05:00.419"}}, {"model": "sessions.session", "pk": "yqfy3ms73jnd0ng4aut6zjpygnivkrow", "fields": {"session_data": ".eJxVjMsOwiAUBf-FtSFAyy24dO83kPsAqZo2Ke3K-O_apAvdnpk5L5VwW2vaWl7SKOqsrFOn35GQH3naidxxus2a52ldRtK7og_a9HWW_Lwc7t9BxVa_NQWUHlwuYF1HgkIUTeSA3nvqgCT2PXEBKDQgA9sSPZQAnN1gjTPq_QEv9DjF:1pStzj:4Ic3OifcSbOYFr9YbixhJvMvn9e8aiTeCio18VtO4qs", "expire_date": "2023-03-03T06:13:19.822"}}, {"model": "sessions.session", "pk": "zte4npg5lvov0qrey806payb4fyeak89", "fields": {"session_data": ".eJxVjU0OwiAQhe_C2hCGMoW6sxdphikEYkMTgZXx7lrThS7f9_6eYqHe0tJreCx5FVcBVlx-oSe-h3I4tG0HlsS899LkN3PaVd4-KpSWmVrey3y2_qYS1XQ8MEZw0eFoA9jBkVmn6CcFoDWayBqVG7XVo1IreqBonY1m8mAGdJ6NeL0BvYA7ZQ:1pGzwh:tTWOOdjLG9DVCazA31v7z8xTuVWq7ZIqemDkYq17CiY", "expire_date": "2023-01-29T10:08:59.566"}}, {"model": "sites.site", "pk": 1, "fields": {"domain": "example.com", "name": "example.com"}}, {"model": "sites.site", "pk": 2, "fields": {"domain": "127.0.0.1", "name": "127.0.0.1"}}, {"model": "news.category", "pk": 1, "fields": {"category_name": "Спорт", "subscribers": []}}, {"model": "news.category", "pk": 2, "fields": {"category_name": "Политика", "subscribers": [23]}}, {"model": "news.category", "pk": 3, "fields": {"category_name": "Технологии", "subscribers": [23, 35]}}, {"model": "news.category", "pk": 4, "fields": {"category_name": "Образование", "subscribers": [12]}}, {"model": "news.author", "pk": 3, "fields": {"user": 2, "_rating": 0}}, {"model": "news.author", "pk": 4, "fields": {"user": 3, "_rating": 0}}, {"model": "news.post", "pk": 3, "fields": {"author": 3, "author_name": "Максим А.К.", "type": "news", "time_in": "2022-12-23T14:52:51.548", "title": "Новость М", "text": "Typeы выоврыавы довыловар овра лыовравы аодвыар", "rating": 0}}, {"model": "news.post", "pk": 4, "fields": {"author": 4, "author_name": "Дмитрий А.В.", "type": "N", "time_in": "2022-12-23T14:54:46.053", "title": "Новость Н", "text": "Нврпавып аыврапы выоваы лвы оврапвыра выаыа плвы", "rating": 0}}, {"model": "news.post", "pk": 6, "fields": {"author": 4, "author_name": "Дмитрий А.В.", "type": "N", "time_in": "2022-12-21T14:54:46.224", "title": "Новость У", "text": "У ыовалорgfhgfhавыо ыврвлодрыовраоврыавы раовфырдо арвыра", "rating": 2}}, {"model": "news.post", "pk": 7, "fields": {"author": 3, "author_name": "Максим А.К.", "type": "A", "time_in": "2022-12-20T14:54:46.324", "title": "Заголовок", "text": "Сврпавып аыврапы выоваы лвы оврапвыра выаыа плвы", "rating": 0}}, {"model": "news.post", "pk": 8, "fields": {"author": 4, "author_name": "Дмитрий А.В.", "type": "A", "time_in": "2022-12-23T14:55:00.298", "title": "Новость М", "text": "Сврпавып аыврапы выоваы лвы оврапвыра выаыа плвы", "rating": 0}}, {"model": "news.post", "pk": 9, "fields": {"author": 3, "author_name": "Максим А.К.", "type": "N", "time_in": "2022-12-23T14:55:02.329", "title": "ЗаголовокА", "text": "Сврпавып аыврапы выоваы лвы оврапвыра выаыа плвы", "rating": 0}}, {"model": "news.post", "pk": 10, "fields": {"author": 4, "author_name": "Дмитрий А.В.", "type": "A", "time_in": "2022-12-23T14:55:02.415", "title": "ЗаголовокS", "text": "Сврпавып аыврапы выоваы лвы оврапвыра выаыа плвы", "rating": 0}}, {"model": "news.post", "pk": 11, "fields": {"author": 3, "author_name": "Максим А.К.", "type": "A", "time_in": "2022-12-23T14:55:02.506", "title": "ЗаголовокА", "text": "Сврпавып аыврапы выоваы лвы оврапвыра выаыа плвы", "rating": 0}}, {"model": "news.post", "pk": 12, "fields": {"author": 4, "author_name": "Дмитрий А.В.", "type": "N", "time_in": "2022-12-24T14:55:02.598", "title": "Заголовок", "text": "Очддвылсвыд свы лс овыжоравы л ылд осжл сжды осжлды", "rating": 0}}, {"model": "news.post", "pk": 13, "fields": {"author": 3, "author_name": "Максим А.К.", "type": "A", "time_in": "2022-12-24T14:55:03.282", "title": "Заголовок", "text": "Що чвроывовы овыраовырарода выаврыоа рвыроаывыоа", "rating": 0}}, {"model": "news.post", "pk": 14, "fields": {"author": 3, "author_name": "Максим А.К.", "type": "articles", "time_in": "2022-12-25T16:51:31.942", "title": "fghfgh", "text": "qwertyuiasdfgasjnllkm;las;dk", "rating": 50}}, {"model": "news.post", "pk": 16, "fields": {"author": 3, "author_name": "Максим А.К.", "type": "N", "time_in": "2022-12-25T17:00:10.383", "title": "fghfgh", "text": "fghgfhfghfghfghfghgfhgfhgfhfghgfhfg", "rating": 50}}, {"model": "news.post", "pk": 19, "fields": {"author": 3, "author_name": "Максим А.К.", "type": "news", "time_in": "2022-12-26T14:47:52.804", "title": "Work", "text": "asdsadasdasdasdasdasdsadsada", "rating": 0}}, {"model": "news.post", "pk": 20, "fields": {"author": 3, "author_name": "Максим А.К.", "type": "news", "time_in": "2022-12-26T14:52:51.342", "title": "Work2", "text": "asdsadasdasdaывывsdasdasdsadsada", "rating": 0}}, {"model": "news.post", "pk": 21, "fields": {"author": 3, "author_name": "Максим А.К.", "type": "news", "time_in": "2022-12-26T14:55:36.089", "title": "TitleS", "text": "sdfffffffffffffffffffffsddddddddddddddffff", "rating": 0}}, {"model": "news.post", "pk": 22, "fields": {"author": 3, "author_name": "Максим А.К.", "type": "N", "time_in": "2022-12-26T15:02:31.970", "title": "TitleSa", "text": "sваываывавыавыавыаdddddffff", "rating": 0}}, {"model": "news.post", "pk": 23, "fields": {"author": 3, "author_name": "Максим А.К.", "type": "news", "time_in": "2022-12-26T15:03:26.999", "title": "TitleSЫsd", "text": "sваываываsdsвыавыавыаdddddffff", "rating": 0}}, {"model": "news.post", "pk": 24, "fields": {"author": 3, "author_name": "Максим А.К.", "type": "news", "time_in": "2022-12-26T15:35:18.096", "title": "ЗаголовокМ", "text": "вававапап воа плв оарпл ваплваорп", "rating": 0}}, {"model": "news.post", "pk": 25, "fields": {"author": 3, "author_name": "Максим А.К.", "type": "news", "time_in": "2022-12-26T15:41:26.396", "title": "ЗаголовокР2", "text": "вававапап воа плв оарпл ваплваорп", "rating": 0}}, {"model": "news.post", "pk": 26, "fields": {"author": 4, "author_name": "Максим А.К.", "type": "news", "time_in": "2022-12-26T15:41:51.413", "title": "ЗаголовокR", "text": "вававапап в оаррпрппл ваплваорп", "rating": 0}}, {"model": "news.post", "pk": 28, "fields": {"author": 4, "author_name": "ZdDsdasdasdddddddddddddddddddddddddddddddddddddddddd", "type": "news", "time_in": "2023-02-12T10:07:26.754", "title": "Titleasadddddddddddddd", "text": "ZXCccccccffffffffffffffffffffffffffffffffffffffffffffffffffffffffffffffffffff", "rating": 0}}, {"model": "news.post", "pk": 29, "fields": {"author": 3, "author_name": "Дмитрий", "type": "news", "time_in": "2023-02-18T12:51:29.336", "title": "Tehno", "text": "TehnoTehnoTehnoTehnoTehnoTehnoTehnoTehno", "rating": 0}}, {"model": "news.post", "pk": 30, "fields": {"author": 3, "author_name": "Дмитрий", "type": "news", "time_in": "2023-02-18T12:53:55.781", "title": "Tehno", "text": "TehnoTehnoTehnoTehnoTehnoTehnoTehnoTehno", "rating": 0}}, {"model": "news.post", "pk": 31, "fields": {"author": 3, "author_name": "Дмитрий", "type": "articles", "time_in": "2023-02-18T15:13:02.176", "title": "Obrazovanie", "text": "ObrazovanieObrazovanieObrazovanie", "rating": 0}}, {"model": "news.post", "pk": 32, "fields": {"author": 3, "author_name": "Дмитрий", "type": "articles", "time_in": "2023-02-19T12:48:35.321", "title": "Образование", "text": "ОбразованиеОбразованиеОбразованиеОбразованиеОбразование", "rating": 0}}, {"model": "news.post", "pk": 33, "fields": {"author": 4, "author_name": "Dmitrij", "type": "articles", "time_in": "2023-02-19T15:13:25.008", "title": "Title", "text": "TitleTitleTitleTitleTitleTitle", "rating": 0}}, {"model": "news.post", "pk": 34, "fields": {"author": 4, "author_name": "Dmitrij", "type": "articles", "time_in": "2023-02-19T15:15:14.195", "title": "Title", "text": "TitleTitleTitleTitleTitleTitle", "rating": 0}}, {"model": "news.post", "pk": 35, "fields": {"author": 3, "author_name": "Дмитрий", "type": "news", "time_in": "2023-02-21T06:11:59.118", "title": "Политика Технологии Образование", "text": "Политика Технологии смсмсмсмсмс", "rating": 0}}, {"model": "news.post", "pk": 36, "fields": {"author": 3, "author_name": "sdsdsd", "type": "news", "time_in": "2023-02-21T07:49:37.725", "title": "Title", "text": "sdsddddddddddddsddddddddd", "rating": 0}}, {"model": "news.post", "pk": 37, "fields": {"author": 3, "author_name": "Дмитрий", "type": "news", "time_in": "2023-02-23T11:59:42.495", "title": "Технологии новая", "text": "Содержание технолоии новая", "rating": 0}}, {"model": "news.post", "pk": 38, "fields": {"author": 3, "author_name": "Дмитрий", "type": "N", "time_in": "2023-02-23T12:03:57.346", "title": "Технологии новая2", "text": "Технологии новая текст", "rating": 0}}, {"model": "news.postcategory", "pk": 1, "fields": {"post": 4, "category": 1}}, {"model": "news.postcategory", "pk": 3, "fields": {"post": 6, "category": 3}}, {"model": "news.postcategory", "pk": 4, "fields": {"post": 7, "category": 4}}, {"model": "news.postcategory", "pk": 5, "fields": {"post": 8, "category": 2}}, {"model": "news.postcategory", "pk": 6, "fields": {"post": 9, "category": 4}}, {"model": "news.postcategory", "pk": 7, "fields": {"post": 10, "category": 4}}, {"model": "news.postcategory", "pk": 8, "fields": {"post": 11, "category": 4}}, {"model": "news.postcategory", "pk": 9, "fields": {"post": 12, "category": 4}}, {"model": "news.postcategory", "pk": 10, "fields": {"post": 13, "category": 4}}, {"model": "news.postcategory", "pk": 11, "fields": {"post": 14, "category": 2}}, {"model": "news.postcategory", "pk": 12, "fields": {"post": 14, "category": 3}}, {"model": "news.postcategory", "pk": 13, "fields": {"post": 14, "category": 4}}, {"model": "news.postcategory", "pk": 17, "fields": {"post": 16, "category": 2}}, {"model": "news.postcategory", "pk": 18, "fields": {"post": 16, "category": 3}}, {"model": "news.postcategory", "pk": 19, "fields": {"post": 16, "category": 4}}, {"model": "news.postcategory", "pk": 24, "fields": {"post": 19, "category": 3}}, {"model": "news.postcategory", "pk": 25, "fields": {"post": 20, "category": 3}}, {"model": "news.postcategory", "pk": 26, "fields": {"post": 21, "category": 3}}, {"model": "news.postcategory", "pk": 27, "fields": {"post": 22, "category": 3}}, {"model": "news.postcategory", "pk": 28, "fields": {"post": 23, "category": 3}}, {"model": "news.postcategory", "pk": 29, "fields": {"post": 24, "category": 3}}, {"model": "news.postcategory", "pk": 30, "fields": {"post": 25, "category": 3}}, {"model": "news.postcategory", "pk": 31, "fields": {"post": 26, "category": 3}}, {"model": "news.postcategory", "pk": 33, "fields": {"post": 3, "category": 3}}, {"model": "news.postcategory", "pk": 34, "fields": {"post": 28, "category": 3}}, {"model": "news.postcategory", "pk": 35, "fields": {"post": 30, "category": 3}}, {"model": "news.postcategory", "pk": 36, "fields": {"post": 31, "category": 4}}, {"model": "news.postcategory", "pk": 37, "fields": {"post": 32, "category": 4}}, {"model": "news.postcategory", "pk": 38, "fields": {"post": 34, "category": 4}}, {"model": "news.postcategory", "pk": 39, "fields": {"post": 35, "category": 2}}, {"model": "news.postcategory", "pk": 40, "fields": {"post": 35, "category": 3}}, {"model": "news.postcategory", "pk": 41, "fields": {"post": 35, "category": 4}}, {"model": "news.postcategory", "pk": 42, "fields": {"post": 36, "category": 1}}, {"model": "news.postcategory", "pk": 43, "fields": {"post": 36, "category": 2}}, {"model": "news.postcategory", "pk": 44, "fields": {"post": 36, "category": 3}}, {"model": "news.postcategory", "pk": 45, "fields": {"post": 37, "category": 3}}, {"model": "news.postcategory", "pk": 46, "fields": {"post": 38, "category": 3}}, {"model": "news.comment", "pk": 1, "fields": {"post": 4, "user": 2, "text": "Коментарий пользователя 3", "date": "2022-12-24T14:56:27.719", "rating": 0}}, {"model": "news.comment", "pk": 3, "fields": {"post": 6, "user": 2, "text": "Коментарий пользователя 4", "date": "2022-12-24T14:56:27.919", "rating": 1}}, {"model": "news.comment", "pk": 4, "fields": {"post": 6, "user": 3, "text": "Коментарий пользователя 3", "date": "2022-12-24T14:56:29.246", "rating": 0}}, {"model": "account.emailaddress", "pk": 1, "fields": {"user": 16, "email": "1@yande.ru", "verified": false, "primary": true}}, {"model": "account.emailaddress", "pk": 2, "fields": {"user": 17, "email": "svetlakovdmitry@gmail.com", "verified": true, "primary": true}}, {"model": "account.emailaddress", "pk": 3, "fields": {"user": 18, "email": "4@example.com", "verified": false, "primary": true}}, {"model": "account.emailaddress", "pk": 4, "fields": {"user": 19, "email": "1@example.com", "verified": false, "primary": true}}, {"model": "account.emailaddress", "pk": 5, "fields": {"user": 21, "email": "5@example.com", "verified": false, "primary": true}}, {"model": "account.emailaddress", "pk": 6, "fields": {"user": 22, "email": "a1@yandex.ru", "verified": false, "primary": true}}, {"model": "account.emailaddress", "pk": 7, "fields": {"user": 23, "email": "a3@yandex.ru", "verified": false, "primary": true}}, {"model": "account.emailaddress", "pk": 19, "fields": {"user": 35, "email": "svetlakov.dmtry@yandex.ru", "verified": true, "primary": true}}, {"model": "socialaccount.socialapp", "pk": 2, "fields": {"provider": "google", "name": "Google", "client_id": "1074741800738-va9nvmo46tct2o7gj8fv1ecsod99n21c.apps.googleusercontent.com", "secret": "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", "key": "", "sites": [2]}}, {"model": "socialaccount.socialaccount", "pk": 1, "fields": {"user": 17, "provider": "google", "uid": "114989366358530671553", "last_login": "2023-02-16T05:08:20.211", "date_joined": "2023-01-15T10:03:27.718", "extra_data": "{\"iss\": \"https://accounts.google.com\", \"azp\": \"1074741800738-va9nvmo46tct2o7gj8fv1ecsod99n21c.apps.googleusercontent.com\", \"aud\": \"1074741800738-va9nvmo46tct2o7gj8fv1ecsod99n21c.apps.googleusercontent.com\", \"sub\": \"114989366358530671553\", \"email\": \"svetlakovdmitry@gmail.com\", \"email_verified\": true, \"at_hash\": \"Flm2VofWR8SxQNKEZ26q1Q\", \"name\": \"Namij Familij\", \"picture\": \"https://lh3.googleusercontent.com/a/AEdFTp6pI45r9qb7ddCf6UHaHGQ9MnhqjwIWR1nOki2IVA=s96-c\", \"given_name\": \"Namij\", \"family_name\": \"Familij\", \"locale\": \"ru\", \"iat\": 1676524100, \"exp\": 1676527700}"}}, {"model": "django_apscheduler.djangojob", "pk": "delete_old_job_executions", "fields": {"next_run_time": "2023-02-27T00:00:00", "job_state": "gAWVZwQAAAAAAAB9lCiMB3ZlcnNpb26USwGMAmlklIwZZGVsZXRlX29sZF9qb2JfZXhlY3V0aW9uc5SMBGZ1bmOUjEFuZXdzLm1hbmFnZW1lbnQuY29tbWFuZHMucnVuYXBzY2hlZHVsZXI6ZGVsZXRlX29sZF9qb2JfZXhlY3V0aW9uc5SMB3RyaWdnZXKUjBlhcHNjaGVkdWxlci50cmlnZ2Vycy5jcm9ulIwLQ3JvblRyaWdnZXKUk5QpgZR9lChoAUsCjAh0aW1lem9uZZSMG3B5dHpfZGVwcmVjYXRpb25fc2hpbS5faW1wbJSMCXdyYXBfem9uZZSTlIwIZGF0ZXRpbWWUjAh0aW1lem9uZZSTlGgQjAl0aW1lZGVsdGGUk5RLAEsASwCHlFKUhZRSlIwDVVRDlIaUUpSMCnN0YXJ0X2RhdGWUTowIZW5kX2RhdGWUTowGZmllbGRzlF2UKIwgYXBzY2hlZHVsZXIudHJpZ2dlcnMuY3Jvbi5maWVsZHOUjAlCYXNlRmllbGSUk5QpgZR9lCiMBG5hbWWUjAR5ZWFylIwKaXNfZGVmYXVsdJSIjAtleHByZXNzaW9uc5RdlIwlYXBzY2hlZHVsZXIudHJpZ2dlcnMuY3Jvbi5leHByZXNzaW9uc5SMDUFsbEV4cHJlc3Npb26Uk5QpgZR9lIwEc3RlcJROc2JhdWJoIIwKTW9udGhGaWVsZJSTlCmBlH2UKGgljAVtb250aJRoJ4hoKF2UaCwpgZR9lGgvTnNiYXViaCCMD0RheU9mTW9udGhGaWVsZJSTlCmBlH2UKGgljANkYXmUaCeIaChdlGgsKYGUfZRoL05zYmF1YmggjAlXZWVrRmllbGSUk5QpgZR9lChoJYwEd2Vla5RoJ4hoKF2UaCwpgZR9lGgvTnNiYXViaCCMDkRheU9mV2Vla0ZpZWxklJOUKYGUfZQoaCWMC2RheV9vZl93ZWVrlGgniWgoXZRoKowWV2Vla2RheVJhbmdlRXhwcmVzc2lvbpSTlCmBlH2UKGgvTowFZmlyc3SUSwCMBGxhc3SUSwB1YmF1YmgiKYGUfZQoaCWMBGhvdXKUaCeJaChdlGgqjA9SYW5nZUV4cHJlc3Npb26Uk5QpgZR9lChoL05oUksAaFNLAHViYXViaCIpgZR9lChoJYwGbWludXRllGgniWgoXZRoWSmBlH2UKGgvTmhSSwBoU0sAdWJhdWJoIimBlH2UKGgljAZzZWNvbmSUaCeIaChdlGhZKYGUfZQoaC9OaFJLAGhTSwB1YmF1YmWMBmppdHRlcpROdWKMCGV4ZWN1dG9ylIwHZGVmYXVsdJSMBGFyZ3OUKYwGa3dhcmdzlH2UaCVoA4wSbWlzZmlyZV9ncmFjZV90aW1llEsBjAhjb2FsZXNjZZSIjA1tYXhfaW5zdGFuY2VzlEsBjA1uZXh0X3J1bl90aW1llGgQjAhkYXRldGltZZSTlEMKB+cCGwAAAAAAAJRoG4aUUpR1Lg=="}}, {"model": "django_apscheduler.djangojob", "pk": "my_job", "fields": {"next_run_time": "2023-02-28T11:20:00", "job_state": "gAWVQQQAAAAAAAB9lCiMB3ZlcnNpb26USwGMAmlklIwGbXlfam9ilIwEZnVuY5SMLm5ld3MubWFuYWdlbWVudC5jb21tYW5kcy5ydW5hcHNjaGVkdWxlcjpteV9qb2KUjAd0cmlnZ2VylIwZYXBzY2hlZHVsZXIudHJpZ2dlcnMuY3JvbpSMC0Nyb25UcmlnZ2VylJOUKYGUfZQoaAFLAowIdGltZXpvbmWUjBtweXR6X2RlcHJlY2F0aW9uX3NoaW0uX2ltcGyUjAl3cmFwX3pvbmWUk5SMCGRhdGV0aW1llIwIdGltZXpvbmWUk5RoEIwJdGltZWRlbHRhlJOUSwBLAEsAh5RSlIWUUpSMA1VUQ5SGlFKUjApzdGFydF9kYXRllE6MCGVuZF9kYXRllE6MBmZpZWxkc5RdlCiMIGFwc2NoZWR1bGVyLnRyaWdnZXJzLmNyb24uZmllbGRzlIwJQmFzZUZpZWxklJOUKYGUfZQojARuYW1llIwEeWVhcpSMCmlzX2RlZmF1bHSUiIwLZXhwcmVzc2lvbnOUXZSMJWFwc2NoZWR1bGVyLnRyaWdnZXJzLmNyb24uZXhwcmVzc2lvbnOUjA1BbGxFeHByZXNzaW9ulJOUKYGUfZSMBHN0ZXCUTnNiYXViaCCMCk1vbnRoRmllbGSUk5QpgZR9lChoJYwFbW9udGiUaCeIaChdlGgsKYGUfZRoL05zYmF1YmggjA9EYXlPZk1vbnRoRmllbGSUk5QpgZR9lChoJYwDZGF5lGgniGgoXZRoLCmBlH2UaC9Oc2JhdWJoIIwJV2Vla0ZpZWxklJOUKYGUfZQoaCWMBHdlZWuUaCeIaChdlGgsKYGUfZRoL05zYmF1YmggjA5EYXlPZldlZWtGaWVsZJSTlCmBlH2UKGgljAtkYXlfb2Zfd2Vla5RoJ4loKF2UaCqMFldlZWtkYXlSYW5nZUV4cHJlc3Npb26Uk5QpgZR9lChoL06MBWZpcnN0lEsBjARsYXN0lEsBdWJhdWJoIimBlH2UKGgljARob3VylGgniWgoXZRoKowPUmFuZ2VFeHByZXNzaW9ulJOUKYGUfZQoaC9OaFJLC2hTSwt1YmF1YmgiKYGUfZQoaCWMBm1pbnV0ZZRoJ4loKF2UaFkpgZR9lChoL05oUksUaFNLFHViYXViaCIpgZR9lChoJYwGc2Vjb25klGgniGgoXZRoWSmBlH2UKGgvTmhSSwBoU0sAdWJhdWJljAZqaXR0ZXKUTnVijAhleGVjdXRvcpSMB2RlZmF1bHSUjARhcmdzlCmMBmt3YXJnc5R9lGglaAOMEm1pc2ZpcmVfZ3JhY2VfdGltZZRLAYwIY29hbGVzY2WUiIwNbWF4X2luc3RhbmNlc5RLAYwNbmV4dF9ydW5fdGltZZRoEIwIZGF0ZXRpbWWUk5RDCgfnAhwLFAAAAACUaBuGlFKUdS4="}}, {"model": "django_apscheduler.djangojobexecution", "pk": 1, "fields": {"job": "my_job", "status": "Error!", "run_time": "2023-02-21T07:34:36", "duration": "0.06", "finished": "1676964876.06", "exception": "'EmailMultiAlternatives' object has no attribute 'attach_alterntive'", "traceback": "  File \"/home/robotekh/Документы/NewsPaper/venv/lib/python3.10/site-packages/apscheduler/executors/base.py\", line 125, in run_job\n    retval = job.func(*job.args, **job.kwargs)\n  File \"/home/robotekh/Документы/NewsPaper/news/management/commands/runapscheduler.py\", line 50, in my_job\n    msg.attach_alterntive(html_content, 'text/html')\n"}}, {"model": "django_apscheduler.djangojobexecution", "pk": 2, "fields": {"job": "my_job", "status": "Error!", "run_time": "2023-02-21T07:34:37", "duration": "0.05", "finished": "1676964877.05", "exception": "'EmailMultiAlternatives' object has no attribute 'attach_alterntive'", "traceback": "  File \"/home/robotekh/Документы/NewsPaper/venv/lib/python3.10/site-packages/apscheduler/executors/base.py\", line 125, in run_job\n    retval = job.func(*job.args, **job.kwargs)\n  File \"/home/robotekh/Документы/NewsPaper/news/management/commands/runapscheduler.py\", line 50, in my_job\n    msg.attach_alterntive(html_content, 'text/html')\n"}}, {"model": "django_apscheduler.djangojobexecution", "pk": 3, "fields": {"job": "my_job", "status": "Error!", "run_time": "2023-02-21T07:34:38", "duration": "0.05", "finished": "1676964878.05", "exception": "'EmailMultiAlternatives' object has no attribute 'attach_alterntive'", "traceback": "  File \"/home/robotekh/Документы/NewsPaper/venv/lib/python3.10/site-packages/apscheduler/executors/base.py\", line 125, in run_job\n    retval = job.func(*job.args, **job.kwargs)\n  File \"/home/robotekh/Документы/NewsPaper/news/management/commands/runapscheduler.py\", line 50, in my_job\n    msg.attach_alterntive(html_content, 'text/html')\n"}}, {"model": "django_apscheduler.djangojobexecution", "pk": 4, "fields": {"job": "my_job", "status": "Error!", "run_time": "2023-02-21T07:34:39", "duration": "0.03", "finished": "1676964879.03", "exception": "'EmailMultiAlternatives' object has no attribute 'attach_alterntive'", "traceback": "  File \"/home/robotekh/Документы/NewsPaper/venv/lib/python3.10/site-packages/apscheduler/executors/base.py\", line 125, in run_job\n    retval = job.func(*job.args, **job.kwargs)\n  File \"/home/robotekh/Документы/NewsPaper/news/management/commands/runapscheduler.py\", line 50, in my_job\n    msg.attach_alterntive(html_content, 'text/html')\n"}}, {"model": "django_apscheduler.djangojobexecution", "pk": 5, "fields": {"job": "my_job", "status": "Error!", "run_time": "2023-02-21T07:34:40", "duration": "0.05", "finished": "1676964880.05", "exception": "'EmailMultiAlternatives' object has no attribute 'attach_alterntive'", "traceback": "  File \"/home/robotekh/Документы/NewsPaper/venv/lib/python3.10/site-packages/apscheduler/executors/base.py\", line 125, in run_job\n    retval = job.func(*job.args, **job.kwargs)\n  File \"/home/robotekh/Документы/NewsPaper/news/management/commands/runapscheduler.py\", line 50, in my_job\n    msg.attach_alterntive(html_content, 'text/html')\n"}}, {"model": "django_apscheduler.djangojobexecution", "pk": 6, "fields": {"job": "my_job", "status": "Error!", "run_time": "2023-02-21T07:34:41", "duration": "0.05", "finished": "1676964881.05", "exception": "'EmailMultiAlternatives' object has no attribute 'attach_alterntive'", "traceback": "  File \"/home/robotekh/Документы/NewsPaper/venv/lib/python3.10/site-packages/apscheduler/executors/base.py\", line 125, in run_job\n    retval = job.func(*job.args, **job.kwargs)\n  File \"/home/robotekh/Документы/NewsPaper/news/management/commands/runapscheduler.py\", line 50, in my_job\n    msg.attach_alterntive(html_content, 'text/html')\n"}}, {"model": "django_apscheduler.djangojobexecution", "pk": 7, "fields": {"job": "my_job", "status": "Error!", "run_time": "2023-02-21T07:34:42", "duration": "0.05", "finished": "1676964882.05", "exception": "'EmailMultiAlternatives' object has no attribute 'attach_alterntive'", "traceback": "  File \"/home/robotekh/Документы/NewsPaper/venv/lib/python3.10/site-packages/apscheduler/executors/base.py\", line 125, in run_job\n    retval = job.func(*job.args, **job.kwargs)\n  File \"/home/robotekh/Документы/NewsPaper/news/management/commands/runapscheduler.py\", line 50, in my_job\n    msg.attach_alterntive(html_content, 'text/html')\n"}}, {"model": "django_apscheduler.djangojobexecution", "pk": 8, "fields": {"job": "my_job", "status": "Error!", "run_time": "2023-02-21T07:34:43", "duration": "0.05", "finished": "1676964883.05", "exception": "'EmailMultiAlternatives' object has no attribute 'attach_alterntive'", "traceback": "  File \"/home/robotekh/Документы/NewsPaper/venv/lib/python3.10/site-packages/apscheduler/executors/base.py\", line 125, in run_job\n    retval = job.func(*job.args, **job.kwargs)\n  File \"/home/robotekh/Документы/NewsPaper/news/management/commands/runapscheduler.py\", line 50, in my_job\n    msg.attach_alterntive(html_content, 'text/html')\n"}}, {"model": "django_apscheduler.djangojobexecution", "pk": 9, "fields": {"job": "my_job", "status": "Error!", "run_time": "2023-02-21T07:34:44", "duration": "0.05", "finished": "1676964884.05", "exception": "'EmailMultiAlternatives' object has no attribute 'attach_alterntive'", "traceback": "  File \"/home/robotekh/Документы/NewsPaper/venv/lib/python3.10/site-packages/apscheduler/executors/base.py\", line 125, in run_job\n    retval = job.func(*job.args, **job.kwargs)\n  File \"/home/robotekh/Документы/NewsPaper/news/management/commands/runapscheduler.py\", line 50, in my_job\n    msg.attach_alterntive(html_content, 'text/html')\n"}}, {"model": "django_apscheduler.djangojobexecution", "pk": 10, "fields": {"job": "my_job", "status": "Error!", "run_time": "2023-02-21T07:34:45", "duration": "0.05", "finished": "1676964885.05", "exception": "'EmailMultiAlternatives' object has no attribute 'attach_alterntive'", "traceback": "  File \"/home/robotekh/Документы/NewsPaper/venv/lib/python3.10/site-packages/apscheduler/executors/base.py\", line 125, in run_job\n    retval = job.func(*job.args, **job.kwargs)\n  File \"/home/robotekh/Документы/NewsPaper/news/management/commands/runapscheduler.py\", line 50, in my_job\n    msg.attach_alterntive(html_content, 'text/html')\n"}}, {"model": "django_apscheduler.djangojobexecution", "pk": 11, "fields": {"job": "my_job", "status": "Error!", "run_time": "2023-02-21T07:34:46", "duration": "0.03", "finished": "1676964886.03", "exception": "'EmailMultiAlternatives' object has no attribute 'attach_alterntive'", "traceback": "  File \"/home/robotekh/Документы/NewsPaper/venv/lib/python3.10/site-packages/apscheduler/executors/base.py\", line 125, in run_job\n    retval = job.func(*job.args, **job.kwargs)\n  File \"/home/robotekh/Документы/NewsPaper/news/management/commands/runapscheduler.py\", line 50, in my_job\n    msg.attach_alterntive(html_content, 'text/html')\n"}}, {"model": "django_apscheduler.djangojobexecution", "pk": 12, "fields": {"job": "my_job", "status": "Error!", "run_time": "2023-02-21T07:34:47", "duration": "0.05", "finished": "1676964887.05", "exception": "'EmailMultiAlternatives' object has no attribute 'attach_alterntive'", "traceback": "  File \"/home/robotekh/Документы/NewsPaper/venv/lib/python3.10/site-packages/apscheduler/executors/base.py\", line 125, in run_job\n    retval = job.func(*job.args, **job.kwargs)\n  File \"/home/robotekh/Документы/NewsPaper/news/management/commands/runapscheduler.py\", line 50, in my_job\n    msg.attach_alterntive(html_content, 'text/html')\n"}}, {"model": "django_apscheduler.djangojobexecution", "pk": 13, "fields": {"job": "my_job", "status": "Error!", "run_time": "2023-02-21T07:34:48", "duration": "0.05", "finished": "1676964888.05", "exception": "'EmailMultiAlternatives' object has no attribute 'attach_alterntive'", "traceback": "  File \"/home/robotekh/Документы/NewsPaper/venv/lib/python3.10/site-packages/apscheduler/executors/base.py\", line 125, in run_job\n    retval = job.func(*job.args, **job.kwargs)\n  File \"/home/robotekh/Документы/NewsPaper/news/management/commands/runapscheduler.py\", line 50, in my_job\n    msg.attach_alterntive(html_content, 'text/html')\n"}}, {"model": "django_apscheduler.djangojobexecution", "pk": 14, "fields": {"job": "my_job", "status": "Error!", "run_time": "2023-02-21T07:34:49", "duration": "0.04", "finished": "1676964889.04", "exception": "'EmailMultiAlternatives' object has no attribute 'attach_alterntive'", "traceback": "  File \"/home/robotekh/Документы/NewsPaper/venv/lib/python3.10/site-packages/apscheduler/executors/base.py\", line 125, in run_job\n    retval = job.func(*job.args, **job.kwargs)\n  File \"/home/robotekh/Документы/NewsPaper/news/management/commands/runapscheduler.py\", line 50, in my_job\n    msg.attach_alterntive(html_content, 'text/html')\n"}}, {"model": "django_apscheduler.djangojobexecution", "pk": 15, "fields": {"job": "my_job", "status": "Error!", "run_time": "2023-02-21T07:34:50", "duration": "0.04", "finished": "1676964890.04", "exception": "'EmailMultiAlternatives' object has no attribute 'attach_alterntive'", "traceback": "  File \"/home/robotekh/Документы/NewsPaper/venv/lib/python3.10/site-packages/apscheduler/executors/base.py\", line 125, in run_job\n    retval = job.func(*job.args, **job.kwargs)\n  File \"/home/robotekh/Документы/NewsPaper/news/management/commands/runapscheduler.py\", line 50, in my_job\n    msg.attach_alterntive(html_content, 'text/html')\n"}}, {"model": "django_apscheduler.djangojobexecution", "pk": 16, "fields": {"job": "my_job", "status": "Error!", "run_time": "2023-02-21T07:34:51", "duration": "0.05", "finished": "1676964891.05", "exception": "'EmailMultiAlternatives' object has no attribute 'attach_alterntive'", "traceback": "  File \"/home/robotekh/Документы/NewsPaper/venv/lib/python3.10/site-packages/apscheduler/executors/base.py\", line 125, in run_job\n    retval = job.func(*job.args, **job.kwargs)\n  File \"/home/robotekh/Документы/NewsPaper/news/management/commands/runapscheduler.py\", line 50, in my_job\n    msg.attach_alterntive(html_content, 'text/html')\n"}}, {"model": "django_apscheduler.djangojobexecution", "pk": 17, "fields": {"job": "my_job", "status": "Error!", "run_time": "2023-02-21T07:34:52", "duration": "0.05", "finished": "1676964892.05", "exception": "'EmailMultiAlternatives' object has no attribute 'attach_alterntive'", "traceback": "  File \"/home/robotekh/Документы/NewsPaper/venv/lib/python3.10/site-packages/apscheduler/executors/base.py\", line 125, in run_job\n    retval = job.func(*job.args, **job.kwargs)\n  File \"/home/robotekh/Документы/NewsPaper/news/management/commands/runapscheduler.py\", line 50, in my_job\n    msg.attach_alterntive(html_content, 'text/html')\n"}}, {"model": "django_apscheduler.djangojobexecution", "pk": 18, "fields": {"job": "my_job", "status": "Error!", "run_time": "2023-02-21T07:34:53", "duration": "0.05", "finished": "1676964893.05", "exception": "'EmailMultiAlternatives' object has no attribute 'attach_alterntive'", "traceback": "  File \"/home/robotekh/Документы/NewsPaper/venv/lib/python3.10/site-packages/apscheduler/executors/base.py\", line 125, in run_job\n    retval = job.func(*job.args, **job.kwargs)\n  File \"/home/robotekh/Документы/NewsPaper/news/management/commands/runapscheduler.py\", line 50, in my_job\n    msg.attach_alterntive(html_content, 'text/html')\n"}}, {"model": "django_apscheduler.djangojobexecution", "pk": 19, "fields": {"job": "my_job", "status": "Error!", "run_time": "2023-02-21T07:34:54", "duration": "0.05", "finished": "1676964894.05", "exception": "'EmailMultiAlternatives' object has no attribute 'attach_alterntive'", "traceback": "  File \"/home/robotekh/Документы/NewsPaper/venv/lib/python3.10/site-packages/apscheduler/executors/base.py\", line 125, in run_job\n    retval = job.func(*job.args, **job.kwargs)\n  File \"/home/robotekh/Документы/NewsPaper/news/management/commands/runapscheduler.py\", line 50, in my_job\n    msg.attach_alterntive(html_content, 'text/html')\n"}}, {"model": "django_apscheduler.djangojobexecution", "pk": 20, "fields": {"job": "my_job", "status": "Error!", "run_time": "2023-02-21T07:34:55", "duration": "0.04", "finished": "1676964895.04", "exception": "'EmailMultiAlternatives' object has no attribute 'attach_alterntive'", "traceback": "  File \"/home/robotekh/Документы/NewsPaper/venv/lib/python3.10/site-packages/apscheduler/executors/base.py\", line 125, in run_job\n    retval = job.func(*job.args, **job.kwargs)\n  File \"/home/robotekh/Документы/NewsPaper/news/management/commands/runapscheduler.py\", line 50, in my_job\n    msg.attach_alterntive(html_content, 'text/html')\n"}}, {"model": "django_apscheduler.djangojobexecution", "pk": 21, "fields": {"job": "my_job", "status": "Error!", "run_time": "2023-02-21T07:34:56", "duration": "0.04", "finished": "1676964896.04", "exception": "'EmailMultiAlternatives' object has no attribute 'attach_alterntive'", "traceback": "  File \"/home/robotekh/Документы/NewsPaper/venv/lib/python3.10/site-packages/apscheduler/executors/base.py\", line 125, in run_job\n    retval = job.func(*job.args, **job.kwargs)\n  File \"/home/robotekh/Документы/NewsPaper/news/management/commands/runapscheduler.py\", line 50, in my_job\n    msg.attach_alterntive(html_content, 'text/html')\n"}}, {"model": "django_apscheduler.djangojobexecution", "pk": 22, "fields": {"job": "my_job", "status": "Error!", "run_time": "2023-02-21T07:34:57", "duration": "0.04", "finished": "1676964897.04", "exception": "'EmailMultiAlternatives' object has no attribute 'attach_alterntive'", "traceback": "  File \"/home/robotekh/Документы/NewsPaper/venv/lib/python3.10/site-packages/apscheduler/executors/base.py\", line 125, in run_job\n    retval = job.func(*job.args, **job.kwargs)\n  File \"/home/robotekh/Документы/NewsPaper/news/management/commands/runapscheduler.py\", line 50, in my_job\n    msg.attach_alterntive(html_content, 'text/html')\n"}}, {"model": "django_apscheduler.djangojobexecution", "pk": 23, "fields": {"job": "my_job", "status": "Error!", "run_time": "2023-02-21T07:34:58", "duration": "0.05", "finished": "1676964898.05", "exception": "'EmailMultiAlternatives' object has no attribute 'attach_alterntive'", "traceback": "  File \"/home/robotekh/Документы/NewsPaper/venv/lib/python3.10/site-packages/apscheduler/executors/base.py\", line 125, in run_job\n    retval = job.func(*job.args, **job.kwargs)\n  File \"/home/robotekh/Документы/NewsPaper/news/management/commands/runapscheduler.py\", line 50, in my_job\n    msg.attach_alterntive(html_content, 'text/html')\n"}}, {"model": "django_apscheduler.djangojobexecution", "pk": 24, "fields": {"job": "my_job", "status": "Error!", "run_time": "2023-02-21T07:34:59", "duration": "0.03", "finished": "1676964899.03", "exception": "'EmailMultiAlternatives' object has no attribute 'attach_alterntive'", "traceback": "  File \"/home/robotekh/Документы/NewsPaper/venv/lib/python3.10/site-packages/apscheduler/executors/base.py\", line 125, in run_job\n    retval = job.func(*job.args, **job.kwargs)\n  File \"/home/robotekh/Документы/NewsPaper/news/management/commands/runapscheduler.py\", line 50, in my_job\n    msg.attach_alterntive(html_content, 'text/html')\n"}}, {"model": "django_apscheduler.djangojobexecution", "pk": 25, "fields": {"job": "my_job", "status": "Error!", "run_time": "2023-02-21T07:35:00", "duration": "0.03", "finished": "1676964900.03", "exception": "'EmailMultiAlternatives' object has no attribute 'attach_alterntive'", "traceback": "  File \"/home/robotekh/Документы/NewsPaper/venv/lib/python3.10/site-packages/apscheduler/executors/base.py\", line 125, in run_job\n    retval = job.func(*job.args, **job.kwargs)\n  File \"/home/robotekh/Документы/NewsPaper/news/management/commands/runapscheduler.py\", line 50, in my_job\n    msg.attach_alterntive(html_content, 'text/html')\n"}}, {"model": "django_apscheduler.djangojobexecution", "pk": 26, "fields": {"job": "my_job", "status": "Error!", "run_time": "2023-02-21T07:35:01", "duration": "0.03", "finished": "1676964901.03", "exception": "'EmailMultiAlternatives' object has no attribute 'attach_alterntive'", "traceback": "  File \"/home/robotekh/Документы/NewsPaper/venv/lib/python3.10/site-packages/apscheduler/executors/base.py\", line 125, in run_job\n    retval = job.func(*job.args, **job.kwargs)\n  File \"/home/robotekh/Документы/NewsPaper/news/management/commands/runapscheduler.py\", line 50, in my_job\n    msg.attach_alterntive(html_content, 'text/html')\n"}}, {"model": "django_apscheduler.djangojobexecution", "pk": 27, "fields": {"job": "my_job", "status": "Error!", "run_time": "2023-02-21T07:35:02", "duration": "0.05", "finished": "1676964902.05", "exception": "'EmailMultiAlternatives' object has no attribute 'attach_alterntive'", "traceback": "  File \"/home/robotekh/Документы/NewsPaper/venv/lib/python3.10/site-packages/apscheduler/executors/base.py\", line 125, in run_job\n    retval = job.func(*job.args, **job.kwargs)\n  File \"/home/robotekh/Документы/NewsPaper/news/management/commands/runapscheduler.py\", line 50, in my_job\n    msg.attach_alterntive(html_content, 'text/html')\n"}}, {"model": "django_apscheduler.djangojobexecution", "pk": 28, "fields": {"job": "my_job", "status": "Error!", "run_time": "2023-02-21T07:35:03", "duration": "0.05", "finished": "1676964903.05", "exception": "'EmailMultiAlternatives' object has no attribute 'attach_alterntive'", "traceback": "  File \"/home/robotekh/Документы/NewsPaper/venv/lib/python3.10/site-packages/apscheduler/executors/base.py\", line 125, in run_job\n    retval = job.func(*job.args, **job.kwargs)\n  File \"/home/robotekh/Документы/NewsPaper/news/management/commands/runapscheduler.py\", line 50, in my_job\n    msg.attach_alterntive(html_content, 'text/html')\n"}}, {"model": "django_apscheduler.djangojobexecution", "pk": 29, "fields": {"job": "my_job", "status": "Error!", "run_time": "2023-02-21T07:35:04", "duration": "0.05", "finished": "1676964904.05", "exception": "'EmailMultiAlternatives' object has no attribute 'attach_alterntive'", "traceback": "  File \"/home/robotekh/Документы/NewsPaper/venv/lib/python3.10/site-packages/apscheduler/executors/base.py\", line 125, in run_job\n    retval = job.func(*job.args, **job.kwargs)\n  File \"/home/robotekh/Документы/NewsPaper/news/management/commands/runapscheduler.py\", line 50, in my_job\n    msg.attach_alterntive(html_content, 'text/html')\n"}}, {"model": "django_apscheduler.djangojobexecution", "pk": 30, "fields": {"job": "my_job", "status": "Error!", "run_time": "2023-02-21T07:35:05", "duration": "0.04", "finished": "1676964905.04", "exception": "'EmailMultiAlternatives' object has no attribute 'attach_alterntive'", "traceback": "  File \"/home/robotekh/Документы/NewsPaper/venv/lib/python3.10/site-packages/apscheduler/executors/base.py\", line 125, in run_job\n    retval = job.func(*job.args, **job.kwargs)\n  File \"/home/robotekh/Документы/NewsPaper/news/management/commands/runapscheduler.py\", line 50, in my_job\n    msg.attach_alterntive(html_content, 'text/html')\n"}}, {"model": "django_apscheduler.djangojobexecution", "pk": 31, "fields": {"job": "my_job", "status": "Error!", "run_time": "2023-02-21T07:35:06", "duration": "0.05", "finished": "1676964906.05", "exception": "'EmailMultiAlternatives' object has no attribute 'attach_alterntive'", "traceback": "  File \"/home/robotekh/Документы/NewsPaper/venv/lib/python3.10/site-packages/apscheduler/executors/base.py\", line 125, in run_job\n    retval = job.func(*job.args, **job.kwargs)\n  File \"/home/robotekh/Документы/NewsPaper/news/management/commands/runapscheduler.py\", line 50, in my_job\n    msg.attach_alterntive(html_content, 'text/html')\n"}}, {"model": "django_apscheduler.djangojobexecution", "pk": 32, "fields": {"job": "my_job", "status": "Error!", "run_time": "2023-02-21T07:35:07", "duration": "0.05", "finished": "1676964907.05", "exception": "'EmailMultiAlternatives' object has no attribute 'attach_alterntive'", "traceback": "  File \"/home/robotekh/Документы/NewsPaper/venv/lib/python3.10/site-packages/apscheduler/executors/base.py\", line 125, in run_job\n    retval = job.func(*job.args, **job.kwargs)\n  File \"/home/robotekh/Документы/NewsPaper/news/management/commands/runapscheduler.py\", line 50, in my_job\n    msg.attach_alterntive(html_content, 'text/html')\n"}}, {"model": "django_apscheduler.djangojobexecution", "pk": 33, "fields": {"job": "my_job", "status": "Error!", "run_time": "2023-02-21T07:35:08", "duration": "0.04", "finished": "1676964908.04", "exception": "'EmailMultiAlternatives' object has no attribute 'attach_alterntive'", "traceback": "  File \"/home/robotekh/Документы/NewsPaper/venv/lib/python3.10/site-packages/apscheduler/executors/base.py\", line 125, in run_job\n    retval = job.func(*job.args, **job.kwargs)\n  File \"/home/robotekh/Документы/NewsPaper/news/management/commands/runapscheduler.py\", line 50, in my_job\n    msg.attach_alterntive(html_content, 'text/html')\n"}}, {"model": "django_apscheduler.djangojobexecution", "pk": 34, "fields": {"job": "my_job", "status": "Error!", "run_time": "2023-02-21T07:35:09", "duration": "0.03", "finished": "1676964909.03", "exception": "'EmailMultiAlternatives' object has no attribute 'attach_alterntive'", "traceback": "  File \"/home/robotekh/Документы/NewsPaper/venv/lib/python3.10/site-packages/apscheduler/executors/base.py\", line 125, in run_job\n    retval = job.func(*job.args, **job.kwargs)\n  File \"/home/robotekh/Документы/NewsPaper/news/management/commands/runapscheduler.py\", line 50, in my_job\n    msg.attach_alterntive(html_content, 'text/html')\n"}}, {"model": "django_apscheduler.djangojobexecution", "pk": 35, "fields": {"job": "my_job", "status": "Error!", "run_time": "2023-02-21T07:35:10", "duration": "0.05", "finished": "1676964910.05", "exception": "'EmailMultiAlternatives' object has no attribute 'attach_alterntive'", "traceback": "  File \"/home/robotekh/Документы/NewsPaper/venv/lib/python3.10/site-packages/apscheduler/executors/base.py\", line 125, in run_job\n    retval = job.func(*job.args, **job.kwargs)\n  File \"/home/robotekh/Документы/NewsPaper/news/management/commands/runapscheduler.py\", line 50, in my_job\n    msg.attach_alterntive(html_content, 'text/html')\n"}}, {"model": "django_apscheduler.djangojobexecution", "pk": 36, "fields": {"job": "my_job", "status": "Error!", "run_time": "2023-02-21T07:35:11", "duration": "0.05", "finished": "1676964911.05", "exception": "'EmailMultiAlternatives' object has no attribute 'attach_alterntive'", "traceback": "  File \"/home/robotekh/Документы/NewsPaper/venv/lib/python3.10/site-packages/apscheduler/executors/base.py\", line 125, in run_job\n    retval = job.func(*job.args, **job.kwargs)\n  File \"/home/robotekh/Документы/NewsPaper/news/management/commands/runapscheduler.py\", line 50, in my_job\n    msg.attach_alterntive(html_content, 'text/html')\n"}}, {"model": "django_apscheduler.djangojobexecution", "pk": 37, "fields": {"job": "my_job", "status": "Error!", "run_time": "2023-02-21T07:35:12", "duration": "0.05", "finished": "1676964912.05", "exception": "'EmailMultiAlternatives' object has no attribute 'attach_alterntive'", "traceback": "  File \"/home/robotekh/Документы/NewsPaper/venv/lib/python3.10/site-packages/apscheduler/executors/base.py\", line 125, in run_job\n    retval = job.func(*job.args, **job.kwargs)\n  File \"/home/robotekh/Документы/NewsPaper/news/management/commands/runapscheduler.py\", line 50, in my_job\n    msg.attach_alterntive(html_content, 'text/html')\n"}}, {"model": "django_apscheduler.djangojobexecution", "pk": 38, "fields": {"job": "my_job", "status": "Error!", "run_time": "2023-02-21T07:35:13", "duration": "0.05", "finished": "1676964913.05", "exception": "'EmailMultiAlternatives' object has no attribute 'attach_alterntive'", "traceback": "  File \"/home/robotekh/Документы/NewsPaper/venv/lib/python3.10/site-packages/apscheduler/executors/base.py\", line 125, in run_job\n    retval = job.func(*job.args, **job.kwargs)\n  File \"/home/robotekh/Документы/NewsPaper/news/management/commands/runapscheduler.py\", line 50, in my_job\n    msg.attach_alterntive(html_content, 'text/html')\n"}}, {"model": "django_apscheduler.djangojobexecution", "pk": 39, "fields": {"job": "my_job", "status": "Error!", "run_time": "2023-02-21T07:35:14", "duration": "0.04", "finished": "1676964914.04", "exception": "'EmailMultiAlternatives' object has no attribute 'attach_alterntive'", "traceback": "  File \"/home/robotekh/Документы/NewsPaper/venv/lib/python3.10/site-packages/apscheduler/executors/base.py\", line 125, in run_job\n    retval = job.func(*job.args, **job.kwargs)\n  File \"/home/robotekh/Документы/NewsPaper/news/management/commands/runapscheduler.py\", line 50, in my_job\n    msg.attach_alterntive(html_content, 'text/html')\n"}}, {"model": "django_apscheduler.djangojobexecution", "pk": 40, "fields": {"job": "my_job", "status": "Error!", "run_time": "2023-02-21T07:35:15", "duration": "0.05", "finished": "1676964915.05", "exception": "'EmailMultiAlternatives' object has no attribute 'attach_alterntive'", "traceback": "  File \"/home/robotekh/Документы/NewsPaper/venv/lib/python3.10/site-packages/apscheduler/executors/base.py\", line 125, in run_job\n    retval = job.func(*job.args, **job.kwargs)\n  File \"/home/robotekh/Документы/NewsPaper/news/management/commands/runapscheduler.py\", line 50, in my_job\n    msg.attach_alterntive(html_content, 'text/html')\n"}}, {"model": "django_apscheduler.djangojobexecution", "pk": 41, "fields": {"job": "my_job", "status": "Error!", "run_time": "2023-02-21T07:35:16", "duration": "0.05", "finished": "1676964916.05", "exception": "'EmailMultiAlternatives' object has no attribute 'attach_alterntive'", "traceback": "  File \"/home/robotekh/Документы/NewsPaper/venv/lib/python3.10/site-packages/apscheduler/executors/base.py\", line 125, in run_job\n    retval = job.func(*job.args, **job.kwargs)\n  File \"/home/robotekh/Документы/NewsPaper/news/management/commands/runapscheduler.py\", line 50, in my_job\n    msg.attach_alterntive(html_content, 'text/html')\n"}}, {"model": "django_apscheduler.djangojobexecution", "pk": 42, "fields": {"job": "my_job", "status": "Error!", "run_time": "2023-02-21T07:35:17", "duration": "0.05", "finished": "1676964917.05", "exception": "'EmailMultiAlternatives' object has no attribute 'attach_alterntive'", "traceback": "  File \"/home/robotekh/Документы/NewsPaper/venv/lib/python3.10/site-packages/apscheduler/executors/base.py\", line 125, in run_job\n    retval = job.func(*job.args, **job.kwargs)\n  File \"/home/robotekh/Документы/NewsPaper/news/management/commands/runapscheduler.py\", line 50, in my_job\n    msg.attach_alterntive(html_content, 'text/html')\n"}}, {"model": "django_apscheduler.djangojobexecution", "pk": 43, "fields": {"job": "my_job", "status": "Error!", "run_time": "2023-02-21T07:35:18", "duration": "0.05", "finished": "1676964918.05", "exception": "'EmailMultiAlternatives' object has no attribute 'attach_alterntive'", "traceback": "  File \"/home/robotekh/Документы/NewsPaper/venv/lib/python3.10/site-packages/apscheduler/executors/base.py\", line 125, in run_job\n    retval = job.func(*job.args, **job.kwargs)\n  File \"/home/robotekh/Документы/NewsPaper/news/management/commands/runapscheduler.py\", line 50, in my_job\n    msg.attach_alterntive(html_content, 'text/html')\n"}}, {"model": "django_apscheduler.djangojobexecution", "pk": 44, "fields": {"job": "my_job", "status": "Error!", "run_time": "2023-02-21T07:35:19", "duration": "0.05", "finished": "1676964919.05", "exception": "'EmailMultiAlternatives' object has no attribute 'attach_alterntive'", "traceback": "  File \"/home/robotekh/Документы/NewsPaper/venv/lib/python3.10/site-packages/apscheduler/executors/base.py\", line 125, in run_job\n    retval = job.func(*job.args, **job.kwargs)\n  File \"/home/robotekh/Документы/NewsPaper/news/management/commands/runapscheduler.py\", line 50, in my_job\n    msg.attach_alterntive(html_content, 'text/html')\n"}}, {"model": "django_apscheduler.djangojobexecution", "pk": 45, "fields": {"job": "my_job", "status": "Error!", "run_time": "2023-02-21T07:35:20", "duration": "0.05", "finished": "1676964920.05", "exception": "'EmailMultiAlternatives' object has no attribute 'attach_alterntive'", "traceback": "  File \"/home/robotekh/Документы/NewsPaper/venv/lib/python3.10/site-packages/apscheduler/executors/base.py\", line 125, in run_job\n    retval = job.func(*job.args, **job.kwargs)\n  File \"/home/robotekh/Документы/NewsPaper/news/management/commands/runapscheduler.py\", line 50, in my_job\n    msg.attach_alterntive(html_content, 'text/html')\n"}}, {"model": "django_apscheduler.djangojobexecution", "pk": 46, "fields": {"job": "my_job", "status": "Error!", "run_time": "2023-02-21T07:35:21", "duration": "0.05", "finished": "1676964921.05", "exception": "'EmailMultiAlternatives' object has no attribute 'attach_alterntive'", "traceback": "  File \"/home/robotekh/Документы/NewsPaper/venv/lib/python3.10/site-packages/apscheduler/executors/base.py\", line 125, in run_job\n    retval = job.func(*job.args, **job.kwargs)\n  File \"/home/robotekh/Документы/NewsPaper/news/management/commands/runapscheduler.py\", line 50, in my_job\n    msg.attach_alterntive(html_content, 'text/html')\n"}}, {"model": "django_apscheduler.djangojobexecution", "pk": 47, "fields": {"job": "my_job", "status": "Error!", "run_time": "2023-02-21T07:35:22", "duration": "0.04", "finished": "1676964922.04", "exception": "'EmailMultiAlternatives' object has no attribute 'attach_alterntive'", "traceback": "  File \"/home/robotekh/Документы/NewsPaper/venv/lib/python3.10/site-packages/apscheduler/executors/base.py\", line 125, in run_job\n    retval = job.func(*job.args, **job.kwargs)\n  File \"/home/robotekh/Документы/NewsPaper/news/management/commands/runapscheduler.py\", line 50, in my_job\n    msg.attach_alterntive(html_content, 'text/html')\n"}}, {"model": "django_apscheduler.djangojobexecution", "pk": 48, "fields": {"job": "my_job", "status": "Error!", "run_time": "2023-02-21T07:35:23", "duration": "0.05", "finished": "1676964923.05", "exception": "'EmailMultiAlternatives' object has no attribute 'attach_alterntive'", "traceback": "  File \"/home/robotekh/Документы/NewsPaper/venv/lib/python3.10/site-packages/apscheduler/executors/base.py\", line 125, in run_job\n    retval = job.func(*job.args, **job.kwargs)\n  File \"/home/robotekh/Документы/NewsPaper/news/management/commands/runapscheduler.py\", line 50, in my_job\n    msg.attach_alterntive(html_content, 'text/html')\n"}}, {"model": "django_apscheduler.djangojobexecution", "pk": 49, "fields": {"job": "my_job", "status": "Error!", "run_time": "2023-02-21T07:35:24", "duration": "0.05", "finished": "1676964924.05", "exception": "'EmailMultiAlternatives' object has no attribute 'attach_alterntive'", "traceback": "  File \"/home/robotekh/Документы/NewsPaper/venv/lib/python3.10/site-packages/apscheduler/executors/base.py\", line 125, in run_job\n    retval = job.func(*job.args, **job.kwargs)\n  File \"/home/robotekh/Документы/NewsPaper/news/management/commands/runapscheduler.py\", line 50, in my_job\n    msg.attach_alterntive(html_content, 'text/html')\n"}}, {"model": "django_apscheduler.djangojobexecution", "pk": 50, "fields": {"job": "my_job", "status": "Error!", "run_time": "2023-02-21T07:35:25", "duration": "0.03", "finished": "1676964925.03", "exception": "'EmailMultiAlternatives' object has no attribute 'attach_alterntive'", "traceback": "  File \"/home/robotekh/Документы/NewsPaper/venv/lib/python3.10/site-packages/apscheduler/executors/base.py\", line 125, in run_job\n    retval = job.func(*job.args, **job.kwargs)\n  File \"/home/robotekh/Документы/NewsPaper/news/management/commands/runapscheduler.py\", line 50, in my_job\n    msg.attach_alterntive(html_content, 'text/html')\n"}}, {"model": "django_apscheduler.djangojobexecution", "pk": 51, "fields": {"job": "my_job", "status": "Error!", "run_time": "2023-02-21T07:35:26", "duration": "0.05", "finished": "1676964926.05", "exception": "'EmailMultiAlternatives' object has no attribute 'attach_alterntive'", "traceback": "  File \"/home/robotekh/Документы/NewsPaper/venv/lib/python3.10/site-packages/apscheduler/executors/base.py\", line 125, in run_job\n    retval = job.func(*job.args, **job.kwargs)\n  File \"/home/robotekh/Документы/NewsPaper/news/management/commands/runapscheduler.py\", line 50, in my_job\n    msg.attach_alterntive(html_content, 'text/html')\n"}}, {"model": "django_apscheduler.djangojobexecution", "pk": 52, "fields": {"job": "my_job", "status": "Error!", "run_time": "2023-02-21T07:35:27", "duration": "0.05", "finished": "1676964927.05", "exception": "'EmailMultiAlternatives' object has no attribute 'attach_alterntive'", "traceback": "  File \"/home/robotekh/Документы/NewsPaper/venv/lib/python3.10/site-packages/apscheduler/executors/base.py\", line 125, in run_job\n    retval = job.func(*job.args, **job.kwargs)\n  File \"/home/robotekh/Документы/NewsPaper/news/management/commands/runapscheduler.py\", line 50, in my_job\n    msg.attach_alterntive(html_content, 'text/html')\n"}}, {"model": "django_apscheduler.djangojobexecution", "pk": 53, "fields": {"job": "my_job", "status": "Error!", "run_time": "2023-02-21T07:35:28", "duration": "0.05", "finished": "1676964928.05", "exception": "'EmailMultiAlternatives' object has no attribute 'attach_alterntive'", "traceback": "  File \"/home/robotekh/Документы/NewsPaper/venv/lib/python3.10/site-packages/apscheduler/executors/base.py\", line 125, in run_job\n    retval = job.func(*job.args, **job.kwargs)\n  File \"/home/robotekh/Документы/NewsPaper/news/management/commands/runapscheduler.py\", line 50, in my_job\n    msg.attach_alterntive(html_content, 'text/html')\n"}}, {"model": "django_apscheduler.djangojobexecution", "pk": 54, "fields": {"job": "my_job", "status": "Error!", "run_time": "2023-02-21T07:35:29", "duration": "0.05", "finished": "1676964929.05", "exception": "'EmailMultiAlternatives' object has no attribute 'attach_alterntive'", "traceback": "  File \"/home/robotekh/Документы/NewsPaper/venv/lib/python3.10/site-packages/apscheduler/executors/base.py\", line 125, in run_job\n    retval = job.func(*job.args, **job.kwargs)\n  File \"/home/robotekh/Документы/NewsPaper/news/management/commands/runapscheduler.py\", line 50, in my_job\n    msg.attach_alterntive(html_content, 'text/html')\n"}}, {"model": "django_apscheduler.djangojobexecution", "pk": 55, "fields": {"job": "my_job", "status": "Error!", "run_time": "2023-02-21T07:35:30", "duration": "0.04", "finished": "1676964930.04", "exception": "'EmailMultiAlternatives' object has no attribute 'attach_alterntive'", "traceback": "  File \"/home/robotekh/Документы/NewsPaper/venv/lib/python3.10/site-packages/apscheduler/executors/base.py\", line 125, in run_job\n    retval = job.func(*job.args, **job.kwargs)\n  File \"/home/robotekh/Документы/NewsPaper/news/management/commands/runapscheduler.py\", line 50, in my_job\n    msg.attach_alterntive(html_content, 'text/html')\n"}}, {"model": "django_apscheduler.djangojobexecution", "pk": 56, "fields": {"job": "my_job", "status": "Error!", "run_time": "2023-02-21T07:35:31", "duration": "0.06", "finished": "1676964931.06", "exception": "'EmailMultiAlternatives' object has no attribute 'attach_alterntive'", "traceback": "  File \"/home/robotekh/Документы/NewsPaper/venv/lib/python3.10/site-packages/apscheduler/executors/base.py\", line 125, in run_job\n    retval = job.func(*job.args, **job.kwargs)\n  File \"/home/robotekh/Документы/NewsPaper/news/management/commands/runapscheduler.py\", line 50, in my_job\n    msg.attach_alterntive(html_content, 'text/html')\n"}}, {"model": "django_apscheduler.djangojobexecution", "pk": 57, "fields": {"job": "my_job", "status": "Error!", "run_time": "2023-02-21T07:35:32", "duration": "0.05", "finished": "1676964932.05", "exception": "'EmailMultiAlternatives' object has no attribute 'attach_alterntive'", "traceback": "  File \"/home/robotekh/Документы/NewsPaper/venv/lib/python3.10/site-packages/apscheduler/executors/base.py\", line 125, in run_job\n    retval = job.func(*job.args, **job.kwargs)\n  File \"/home/robotekh/Документы/NewsPaper/news/management/commands/runapscheduler.py\", line 50, in my_job\n    msg.attach_alterntive(html_content, 'text/html')\n"}}, {"model": "django_apscheduler.djangojobexecution", "pk": 58, "fields": {"job": "my_job", "status": "Error!", "run_time": "2023-02-21T07:35:33", "duration": "0.05", "finished": "1676964933.05", "exception": "'EmailMultiAlternatives' object has no attribute 'attach_alterntive'", "traceback": "  File \"/home/robotekh/Документы/NewsPaper/venv/lib/python3.10/site-packages/apscheduler/executors/base.py\", line 125, in run_job\n    retval = job.func(*job.args, **job.kwargs)\n  File \"/home/robotekh/Документы/NewsPaper/news/management/commands/runapscheduler.py\", line 50, in my_job\n    msg.attach_alterntive(html_content, 'text/html')\n"}}, {"model": "django_apscheduler.djangojobexecution", "pk": 59, "fields": {"job": "my_job", "status": "Error!", "run_time": "2023-02-21T07:35:34", "duration": "0.05", "finished": "1676964934.05", "exception": "'EmailMultiAlternatives' object has no attribute 'attach_alterntive'", "traceback": "  File \"/home/robotekh/Документы/NewsPaper/venv/lib/python3.10/site-packages/apscheduler/executors/base.py\", line 125, in run_job\n    retval = job.func(*job.args, **job.kwargs)\n  File \"/home/robotekh/Документы/NewsPaper/news/management/commands/runapscheduler.py\", line 50, in my_job\n    msg.attach_alterntive(html_content, 'text/html')\n"}}, {"model": "django_apscheduler.djangojobexecution", "pk": 60, "fields": {"job": "my_job", "status": "Error!", "run_time": "2023-02-21T07:35:35", "duration": "0.05", "finished": "1676964935.05", "exception": "'EmailMultiAlternatives' object has no attribute 'attach_alterntive'", "traceback": "  File \"/home/robotekh/Документы/NewsPaper/venv/lib/python3.10/site-packages/apscheduler/executors/base.py\", line 125, in run_job\n    retval = job.func(*job.args, **job.kwargs)\n  File \"/home/robotekh/Документы/NewsPaper/news/management/commands/runapscheduler.py\", line 50, in my_job\n    msg.attach_alterntive(html_content, 'text/html')\n"}}, {"model": "django_apscheduler.djangojobexecution", "pk": 61, "fields": {"job": "my_job", "status": "Error!", "run_time": "2023-02-21T07:35:36", "duration": "0.05", "finished": "1676964936.05", "exception": "'EmailMultiAlternatives' object has no attribute 'attach_alterntive'", "traceback": "  File \"/home/robotekh/Документы/NewsPaper/venv/lib/python3.10/site-packages/apscheduler/executors/base.py\", line 125, in run_job\n    retval = job.func(*job.args, **job.kwargs)\n  File \"/home/robotekh/Документы/NewsPaper/news/management/commands/runapscheduler.py\", line 50, in my_job\n    msg.attach_alterntive(html_content, 'text/html')\n"}}, {"model": "django_apscheduler.djangojobexecution", "pk": 62, "fields": {"job": "my_job", "status": "Error!", "run_time": "2023-02-21T07:35:37", "duration": "0.05", "finished": "1676964937.05", "exception": "'EmailMultiAlternatives' object has no attribute 'attach_alterntive'", "traceback": "  File \"/home/robotekh/Документы/NewsPaper/venv/lib/python3.10/site-packages/apscheduler/executors/base.py\", line 125, in run_job\n    retval = job.func(*job.args, **job.kwargs)\n  File \"/home/robotekh/Документы/NewsPaper/news/management/commands/runapscheduler.py\", line 50, in my_job\n    msg.attach_alterntive(html_content, 'text/html')\n"}}, {"model": "django_apscheduler.djangojobexecution", "pk": 63, "fields": {"job": "my_job", "status": "Error!", "run_time": "2023-02-21T07:35:38", "duration": "0.04", "finished": "1676964938.04", "exception": "'EmailMultiAlternatives' object has no attribute 'attach_alterntive'", "traceback": "  File \"/home/robotekh/Документы/NewsPaper/venv/lib/python3.10/site-packages/apscheduler/executors/base.py\", line 125, in run_job\n    retval = job.func(*job.args, **job.kwargs)\n  File \"/home/robotekh/Документы/NewsPaper/news/management/commands/runapscheduler.py\", line 50, in my_job\n    msg.attach_alterntive(html_content, 'text/html')\n"}}, {"model": "django_apscheduler.djangojobexecution", "pk": 64, "fields": {"job": "my_job", "status": "Error!", "run_time": "2023-02-21T07:35:39", "duration": "0.05", "finished": "1676964939.05", "exception": "'EmailMultiAlternatives' object has no attribute 'attach_alterntive'", "traceback": "  File \"/home/robotekh/Документы/NewsPaper/venv/lib/python3.10/site-packages/apscheduler/executors/base.py\", line 125, in run_job\n    retval = job.func(*job.args, **job.kwargs)\n  File \"/home/robotekh/Документы/NewsPaper/news/management/commands/runapscheduler.py\", line 50, in my_job\n    msg.attach_alterntive(html_content, 'text/html')\n"}}, {"model": "django_apscheduler.djangojobexecution", "pk": 65, "fields": {"job": "my_job", "status": "Error!", "run_time": "2023-02-21T07:35:40", "duration": "0.05", "finished": "1676964940.05", "exception": "'EmailMultiAlternatives' object has no attribute 'attach_alterntive'", "traceback": "  File \"/home/robotekh/Документы/NewsPaper/venv/lib/python3.10/site-packages/apscheduler/executors/base.py\", line 125, in run_job\n    retval = job.func(*job.args, **job.kwargs)\n  File \"/home/robotekh/Документы/NewsPaper/news/management/commands/runapscheduler.py\", line 50, in my_job\n    msg.attach_alterntive(html_content, 'text/html')\n"}}, {"model": "django_apscheduler.djangojobexecution", "pk": 66, "fields": {"job": "my_job", "status": "Error!", "run_time": "2023-02-21T07:35:41", "duration": "0.03", "finished": "1676964941.03", "exception": "'EmailMultiAlternatives' object has no attribute 'attach_alterntive'", "traceback": "  File \"/home/robotekh/Документы/NewsPaper/venv/lib/python3.10/site-packages/apscheduler/executors/base.py\", line 125, in run_job\n    retval = job.func(*job.args, **job.kwargs)\n  File \"/home/robotekh/Документы/NewsPaper/news/management/commands/runapscheduler.py\", line 50, in my_job\n    msg.attach_alterntive(html_content, 'text/html')\n"}}, {"model": "django_apscheduler.djangojobexecution", "pk": 67, "fields": {"job": "my_job", "status": "Error!", "run_time": "2023-02-21T07:35:42", "duration": "0.05", "finished": "1676964942.05", "exception": "'EmailMultiAlternatives' object has no attribute 'attach_alterntive'", "traceback": "  File \"/home/robotekh/Документы/NewsPaper/venv/lib/python3.10/site-packages/apscheduler/executors/base.py\", line 125, in run_job\n    retval = job.func(*job.args, **job.kwargs)\n  File \"/home/robotekh/Документы/NewsPaper/news/management/commands/runapscheduler.py\", line 50, in my_job\n    msg.attach_alterntive(html_content, 'text/html')\n"}}, {"model": "django_apscheduler.djangojobexecution", "pk": 68, "fields": {"job": "my_job", "status": "Error!", "run_time": "2023-02-21T07:35:43", "duration": "0.05", "finished": "1676964943.05", "exception": "'EmailMultiAlternatives' object has no attribute 'attach_alterntive'", "traceback": "  File \"/home/robotekh/Документы/NewsPaper/venv/lib/python3.10/site-packages/apscheduler/executors/base.py\", line 125, in run_job\n    retval = job.func(*job.args, **job.kwargs)\n  File \"/home/robotekh/Документы/NewsPaper/news/management/commands/runapscheduler.py\", line 50, in my_job\n    msg.attach_alterntive(html_content, 'text/html')\n"}}, {"model": "django_apscheduler.djangojobexecution", "pk": 69, "fields": {"job": "my_job", "status": "Error!", "run_time": "2023-02-21T07:35:44", "duration": "0.05", "finished": "1676964944.05", "exception": "'EmailMultiAlternatives' object has no attribute 'attach_alterntive'", "traceback": "  File \"/home/robotekh/Документы/NewsPaper/venv/lib/python3.10/site-packages/apscheduler/executors/base.py\", line 125, in run_job\n    retval = job.func(*job.args, **job.kwargs)\n  File \"/home/robotekh/Документы/NewsPaper/news/management/commands/runapscheduler.py\", line 50, in my_job\n    msg.attach_alterntive(html_content, 'text/html')\n"}}, {"model": "django_apscheduler.djangojobexecution", "pk": 70, "fields": {"job": "my_job", "status": "Error!", "run_time": "2023-02-21T07:35:45", "duration": "0.05", "finished": "1676964945.05", "exception": "'EmailMultiAlternatives' object has no attribute 'attach_alterntive'", "traceback": "  File \"/home/robotekh/Документы/NewsPaper/venv/lib/python3.10/site-packages/apscheduler/executors/base.py\", line 125, in run_job\n    retval = job.func(*job.args, **job.kwargs)\n  File \"/home/robotekh/Документы/NewsPaper/news/management/commands/runapscheduler.py\", line 50, in my_job\n    msg.attach_alterntive(html_content, 'text/html')\n"}}, {"model": "django_apscheduler.djangojobexecution", "pk": 71, "fields": {"job": "my_job", "status": "Error!", "run_time": "2023-02-21T07:35:46", "duration": "0.05", "finished": "1676964946.05", "exception": "'EmailMultiAlternatives' object has no attribute 'attach_alterntive'", "traceback": "  File \"/home/robotekh/Документы/NewsPaper/venv/lib/python3.10/site-packages/apscheduler/executors/base.py\", line 125, in run_job\n    retval = job.func(*job.args, **job.kwargs)\n  File \"/home/robotekh/Документы/NewsPaper/news/management/commands/runapscheduler.py\", line 50, in my_job\n    msg.attach_alterntive(html_content, 'text/html')\n"}}, {"model": "django_apscheduler.djangojobexecution", "pk": 72, "fields": {"job": "my_job", "status": "Error!", "run_time": "2023-02-21T07:35:47", "duration": "0.05", "finished": "1676964947.05", "exception": "'EmailMultiAlternatives' object has no attribute 'attach_alterntive'", "traceback": "  File \"/home/robotekh/Документы/NewsPaper/venv/lib/python3.10/site-packages/apscheduler/executors/base.py\", line 125, in run_job\n    retval = job.func(*job.args, **job.kwargs)\n  File \"/home/robotekh/Документы/NewsPaper/news/management/commands/runapscheduler.py\", line 50, in my_job\n    msg.attach_alterntive(html_content, 'text/html')\n"}}, {"model": "django_apscheduler.djangojobexecution", "pk": 73, "fields": {"job": "my_job", "status": "Error!", "run_time": "2023-02-21T07:35:48", "duration": "0.05", "finished": "1676964948.05", "exception": "'EmailMultiAlternatives' object has no attribute 'attach_alterntive'", "traceback": "  File \"/home/robotekh/Документы/NewsPaper/venv/lib/python3.10/site-packages/apscheduler/executors/base.py\", line 125, in run_job\n    retval = job.func(*job.args, **job.kwargs)\n  File \"/home/robotekh/Документы/NewsPaper/news/management/commands/runapscheduler.py\", line 50, in my_job\n    msg.attach_alterntive(html_content, 'text/html')\n"}}, {"model": "django_apscheduler.djangojobexecution", "pk": 74, "fields": {"job": "my_job", "status": "Error!", "run_time": "2023-02-21T07:35:49", "duration": "0.05", "finished": "1676964949.05", "exception": "'EmailMultiAlternatives' object has no attribute 'attach_alterntive'", "traceback": "  File \"/home/robotekh/Документы/NewsPaper/venv/lib/python3.10/site-packages/apscheduler/executors/base.py\", line 125, in run_job\n    retval = job.func(*job.args, **job.kwargs)\n  File \"/home/robotekh/Документы/NewsPaper/news/management/commands/runapscheduler.py\", line 50, in my_job\n    msg.attach_alterntive(html_content, 'text/html')\n"}}, {"model": "django_apscheduler.djangojobexecution", "pk": 75, "fields": {"job": "my_job", "status": "Error!", "run_time": "2023-02-21T07:35:50", "duration": "0.05", "finished": "1676964950.05", "exception": "'EmailMultiAlternatives' object has no attribute 'attach_alterntive'", "traceback": "  File \"/home/robotekh/Документы/NewsPaper/venv/lib/python3.10/site-packages/apscheduler/executors/base.py\", line 125, in run_job\n    retval = job.func(*job.args, **job.kwargs)\n  File \"/home/robotekh/Документы/NewsPaper/news/management/commands/runapscheduler.py\", line 50, in my_job\n    msg.attach_alterntive(html_content, 'text/html')\n"}}, {"model": "django_apscheduler.djangojobexecution", "pk": 76, "fields": {"job": "my_job", "status": "Error!", "run_time": "2023-02-21T07:35:51", "duration": "0.03", "finished": "1676964951.03", "exception": "'EmailMultiAlternatives' object has no attribute 'attach_alterntive'", "traceback": "  File \"/home/robotekh/Документы/NewsPaper/venv/lib/python3.10/site-packages/apscheduler/executors/base.py\", line 125, in run_job\n    retval = job.func(*job.args, **job.kwargs)\n  File \"/home/robotekh/Документы/NewsPaper/news/management/commands/runapscheduler.py\", line 50, in my_job\n    msg.attach_alterntive(html_content, 'text/html')\n"}}, {"model": "django_apscheduler.djangojobexecution", "pk": 77, "fields": {"job": "my_job", "status": "Error!", "run_time": "2023-02-21T07:35:52", "duration": "0.05", "finished": "1676964952.05", "exception": "'EmailMultiAlternatives' object has no attribute 'attach_alterntive'", "traceback": "  File \"/home/robotekh/Документы/NewsPaper/venv/lib/python3.10/site-packages/apscheduler/executors/base.py\", line 125, in run_job\n    retval = job.func(*job.args, **job.kwargs)\n  File \"/home/robotekh/Документы/NewsPaper/news/management/commands/runapscheduler.py\", line 50, in my_job\n    msg.attach_alterntive(html_content, 'text/html')\n"}}, {"model": "django_apscheduler.djangojobexecution", "pk": 78, "fields": {"job": "my_job", "status": "Error!", "run_time": "2023-02-21T07:35:53", "duration": "0.05", "finished": "1676964953.05", "exception": "'EmailMultiAlternatives' object has no attribute 'attach_alterntive'", "traceback": "  File \"/home/robotekh/Документы/NewsPaper/venv/lib/python3.10/site-packages/apscheduler/executors/base.py\", line 125, in run_job\n    retval = job.func(*job.args, **job.kwargs)\n  File \"/home/robotekh/Документы/NewsPaper/news/management/commands/runapscheduler.py\", line 50, in my_job\n    msg.attach_alterntive(html_content, 'text/html')\n"}}, {"model": "django_apscheduler.djangojobexecution", "pk": 79, "fields": {"job": "my_job", "status": "Error!", "run_time": "2023-02-21T07:35:54", "duration": "0.05", "finished": "1676964954.05", "exception": "'EmailMultiAlternatives' object has no attribute 'attach_alterntive'", "traceback": "  File \"/home/robotekh/Документы/NewsPaper/venv/lib/python3.10/site-packages/apscheduler/executors/base.py\", line 125, in run_job\n    retval = job.func(*job.args, **job.kwargs)\n  File \"/home/robotekh/Документы/NewsPaper/news/management/commands/runapscheduler.py\", line 50, in my_job\n    msg.attach_alterntive(html_content, 'text/html')\n"}}, {"model": "django_apscheduler.djangojobexecution", "pk": 80, "fields": {"job": "my_job", "status": "Error!", "run_time": "2023-02-21T07:35:55", "duration": "0.04", "finished": "1676964955.04", "exception": "'EmailMultiAlternatives' object has no attribute 'attach_alterntive'", "traceback": "  File \"/home/robotekh/Документы/NewsPaper/venv/lib/python3.10/site-packages/apscheduler/executors/base.py\", line 125, in run_job\n    retval = job.func(*job.args, **job.kwargs)\n  File \"/home/robotekh/Документы/NewsPaper/news/management/commands/runapscheduler.py\", line 50, in my_job\n    msg.attach_alterntive(html_content, 'text/html')\n"}}, {"model": "django_apscheduler.djangojobexecution", "pk": 81, "fields": {"job": "my_job", "status": "Error!", "run_time": "2023-02-21T07:35:56", "duration": "0.03", "finished": "1676964956.03", "exception": "'EmailMultiAlternatives' object has no attribute 'attach_alterntive'", "traceback": "  File \"/home/robotekh/Документы/NewsPaper/venv/lib/python3.10/site-packages/apscheduler/executors/base.py\", line 125, in run_job\n    retval = job.func(*job.args, **job.kwargs)\n  File \"/home/robotekh/Документы/NewsPaper/news/management/commands/runapscheduler.py\", line 50, in my_job\n    msg.attach_alterntive(html_content, 'text/html')\n"}}, {"model": "django_apscheduler.djangojobexecution", "pk": 82, "fields": {"job": "my_job", "status": "Error!", "run_time": "2023-02-21T07:35:57", "duration": "0.05", "finished": "1676964957.05", "exception": "'EmailMultiAlternatives' object has no attribute 'attach_alterntive'", "traceback": "  File \"/home/robotekh/Документы/NewsPaper/venv/lib/python3.10/site-packages/apscheduler/executors/base.py\", line 125, in run_job\n    retval = job.func(*job.args, **job.kwargs)\n  File \"/home/robotekh/Документы/NewsPaper/news/management/commands/runapscheduler.py\", line 50, in my_job\n    msg.attach_alterntive(html_content, 'text/html')\n"}}, {"model": "django_apscheduler.djangojobexecution", "pk": 83, "fields": {"job": "my_job", "status": "Error!", "run_time": "2023-02-21T07:35:58", "duration": "0.05", "finished": "1676964958.05", "exception": "'EmailMultiAlternatives' object has no attribute 'attach_alterntive'", "traceback": "  File \"/home/robotekh/Документы/NewsPaper/venv/lib/python3.10/site-packages/apscheduler/executors/base.py\", line 125, in run_job\n    retval = job.func(*job.args, **job.kwargs)\n  File \"/home/robotekh/Документы/NewsPaper/news/management/commands/runapscheduler.py\", line 50, in my_job\n    msg.attach_alterntive(html_content, 'text/html')\n"}}, {"model": "django_apscheduler.djangojobexecution", "pk": 84, "fields": {"job": "my_job", "status": "Error!", "run_time": "2023-02-21T07:35:59", "duration": "0.05", "finished": "1676964959.05", "exception": "'EmailMultiAlternatives' object has no attribute 'attach_alterntive'", "traceback": "  File \"/home/robotekh/Документы/NewsPaper/venv/lib/python3.10/site-packages/apscheduler/executors/base.py\", line 125, in run_job\n    retval = job.func(*job.args, **job.kwargs)\n  File \"/home/robotekh/Документы/NewsPaper/news/management/commands/runapscheduler.py\", line 50, in my_job\n    msg.attach_alterntive(html_content, 'text/html')\n"}}, {"model": "django_apscheduler.djangojobexecution", "pk": 85, "fields": {"job": "my_job", "status": "Error!", "run_time": "2023-02-21T07:36:00", "duration": "0.03", "finished": "1676964960.03", "exception": "'EmailMultiAlternatives' object has no attribute 'attach_alterntive'", "traceback": "  File \"/home/robotekh/Документы/NewsPaper/venv/lib/python3.10/site-packages/apscheduler/executors/base.py\", line 125, in run_job\n    retval = job.func(*job.args, **job.kwargs)\n  File \"/home/robotekh/Документы/NewsPaper/news/management/commands/runapscheduler.py\", line 50, in my_job\n    msg.attach_alterntive(html_content, 'text/html')\n"}}, {"model": "django_apscheduler.djangojobexecution", "pk": 86, "fields": {"job": "my_job", "status": "Error!", "run_time": "2023-02-21T07:36:01", "duration": "0.03", "finished": "1676964961.03", "exception": "'EmailMultiAlternatives' object has no attribute 'attach_alterntive'", "traceback": "  File \"/home/robotekh/Документы/NewsPaper/venv/lib/python3.10/site-packages/apscheduler/executors/base.py\", line 125, in run_job\n    retval = job.func(*job.args, **job.kwargs)\n  File \"/home/robotekh/Документы/NewsPaper/news/management/commands/runapscheduler.py\", line 50, in my_job\n    msg.attach_alterntive(html_content, 'text/html')\n"}}, {"model": "django_apscheduler.djangojobexecution", "pk": 87, "fields": {"job": "my_job", "status": "Error!", "run_time": "2023-02-21T07:36:02", "duration": "0.05", "finished": "1676964962.05", "exception": "'EmailMultiAlternatives' object has no attribute 'attach_alterntive'", "traceback": "  File \"/home/robotekh/Документы/NewsPaper/venv/lib/python3.10/site-packages/apscheduler/executors/base.py\", line 125, in run_job\n    retval = job.func(*job.args, **job.kwargs)\n  File \"/home/robotekh/Документы/NewsPaper/news/management/commands/runapscheduler.py\", line 50, in my_job\n    msg.attach_alterntive(html_content, 'text/html')\n"}}, {"model": "django_apscheduler.djangojobexecution", "pk": 88, "fields": {"job": "my_job", "status": "Error!", "run_time": "2023-02-21T07:36:03", "duration": "0.05", "finished": "1676964963.05", "exception": "'EmailMultiAlternatives' object has no attribute 'attach_alterntive'", "traceback": "  File \"/home/robotekh/Документы/NewsPaper/venv/lib/python3.10/site-packages/apscheduler/executors/base.py\", line 125, in run_job\n    retval = job.func(*job.args, **job.kwargs)\n  File \"/home/robotekh/Документы/NewsPaper/news/management/commands/runapscheduler.py\", line 50, in my_job\n    msg.attach_alterntive(html_content, 'text/html')\n"}}, {"model": "django_apscheduler.djangojobexecution", "pk": 89, "fields": {"job": "my_job", "status": "Error!", "run_time": "2023-02-21T07:36:04", "duration": "0.05", "finished": "1676964964.05", "exception": "'EmailMultiAlternatives' object has no attribute 'attach_alterntive'", "traceback": "  File \"/home/robotekh/Документы/NewsPaper/venv/lib/python3.10/site-packages/apscheduler/executors/base.py\", line 125, in run_job\n    retval = job.func(*job.args, **job.kwargs)\n  File \"/home/robotekh/Документы/NewsPaper/news/management/commands/runapscheduler.py\", line 50, in my_job\n    msg.attach_alterntive(html_content, 'text/html')\n"}}, {"model": "django_apscheduler.djangojobexecution", "pk": 90, "fields": {"job": "my_job", "status": "Error!", "run_time": "2023-02-21T07:36:05", "duration": "0.05", "finished": "1676964965.05", "exception": "'EmailMultiAlternatives' object has no attribute 'attach_alterntive'", "traceback": "  File \"/home/robotekh/Документы/NewsPaper/venv/lib/python3.10/site-packages/apscheduler/executors/base.py\", line 125, in run_job\n    retval = job.func(*job.args, **job.kwargs)\n  File \"/home/robotekh/Документы/NewsPaper/news/management/commands/runapscheduler.py\", line 50, in my_job\n    msg.attach_alterntive(html_content, 'text/html')\n"}}, {"model": "django_apscheduler.djangojobexecution", "pk": 91, "fields": {"job": "my_job", "status": "Error!", "run_time": "2023-02-21T07:36:06", "duration": "0.05", "finished": "1676964966.05", "exception": "'EmailMultiAlternatives' object has no attribute 'attach_alterntive'", "traceback": "  File \"/home/robotekh/Документы/NewsPaper/venv/lib/python3.10/site-packages/apscheduler/executors/base.py\", line 125, in run_job\n    retval = job.func(*job.args, **job.kwargs)\n  File \"/home/robotekh/Документы/NewsPaper/news/management/commands/runapscheduler.py\", line 50, in my_job\n    msg.attach_alterntive(html_content, 'text/html')\n"}}, {"model": "django_apscheduler.djangojobexecution", "pk": 92, "fields": {"job": "my_job", "status": "Error!", "run_time": "2023-02-21T07:36:07", "duration": "0.05", "finished": "1676964967.05", "exception": "'EmailMultiAlternatives' object has no attribute 'attach_alterntive'", "traceback": "  File \"/home/robotekh/Документы/NewsPaper/venv/lib/python3.10/site-packages/apscheduler/executors/base.py\", line 125, in run_job\n    retval = job.func(*job.args, **job.kwargs)\n  File \"/home/robotekh/Документы/NewsPaper/news/management/commands/runapscheduler.py\", line 50, in my_job\n    msg.attach_alterntive(html_content, 'text/html')\n"}}, {"model": "django_apscheduler.djangojobexecution", "pk": 93, "fields": {"job": "my_job", "status": "Error!", "run_time": "2023-02-21T07:36:08", "duration": "0.05", "finished": "1676964968.05", "exception": "'EmailMultiAlternatives' object has no attribute 'attach_alterntive'", "traceback": "  File \"/home/robotekh/Документы/NewsPaper/venv/lib/python3.10/site-packages/apscheduler/executors/base.py\", line 125, in run_job\n    retval = job.func(*job.args, **job.kwargs)\n  File \"/home/robotekh/Документы/NewsPaper/news/management/commands/runapscheduler.py\", line 50, in my_job\n    msg.attach_alterntive(html_content, 'text/html')\n"}}, {"model": "django_apscheduler.djangojobexecution", "pk": 94, "fields": {"job": "my_job", "status": "Error!", "run_time": "2023-02-21T07:36:09", "duration": "0.05", "finished": "1676964969.05", "exception": "'EmailMultiAlternatives' object has no attribute 'attach_alterntive'", "traceback": "  File \"/home/robotekh/Документы/NewsPaper/venv/lib/python3.10/site-packages/apscheduler/executors/base.py\", line 125, in run_job\n    retval = job.func(*job.args, **job.kwargs)\n  File \"/home/robotekh/Документы/NewsPaper/news/management/commands/runapscheduler.py\", line 50, in my_job\n    msg.attach_alterntive(html_content, 'text/html')\n"}}, {"model": "django_apscheduler.djangojobexecution", "pk": 95, "fields": {"job": "my_job", "status": "Error!", "run_time": "2023-02-21T07:36:10", "duration": "0.05", "finished": "1676964970.05", "exception": "'EmailMultiAlternatives' object has no attribute 'attach_alterntive'", "traceback": "  File \"/home/robotekh/Документы/NewsPaper/venv/lib/python3.10/site-packages/apscheduler/executors/base.py\", line 125, in run_job\n    retval = job.func(*job.args, **job.kwargs)\n  File \"/home/robotekh/Документы/NewsPaper/news/management/commands/runapscheduler.py\", line 50, in my_job\n    msg.attach_alterntive(html_content, 'text/html')\n"}}, {"model": "django_apscheduler.djangojobexecution", "pk": 96, "fields": {"job": "my_job", "status": "Error!", "run_time": "2023-02-21T07:36:11", "duration": "0.07", "finished": "1676964971.07", "exception": "'EmailMultiAlternatives' object has no attribute 'attach_alterntive'", "traceback": "  File \"/home/robotekh/Документы/NewsPaper/venv/lib/python3.10/site-packages/apscheduler/executors/base.py\", line 125, in run_job\n    retval = job.func(*job.args, **job.kwargs)\n  File \"/home/robotekh/Документы/NewsPaper/news/management/commands/runapscheduler.py\", line 50, in my_job\n    msg.attach_alterntive(html_content, 'text/html')\n"}}, {"model": "django_apscheduler.djangojobexecution", "pk": 97, "fields": {"job": "my_job", "status": "Error!", "run_time": "2023-02-21T07:36:12", "duration": "0.04", "finished": "1676964972.04", "exception": "'EmailMultiAlternatives' object has no attribute 'attach_alterntive'", "traceback": "  File \"/home/robotekh/Документы/NewsPaper/venv/lib/python3.10/site-packages/apscheduler/executors/base.py\", line 125, in run_job\n    retval = job.func(*job.args, **job.kwargs)\n  File \"/home/robotekh/Документы/NewsPaper/news/management/commands/runapscheduler.py\", line 50, in my_job\n    msg.attach_alterntive(html_content, 'text/html')\n"}}, {"model": "django_apscheduler.djangojobexecution", "pk": 98, "fields": {"job": "my_job", "status": "Error!", "run_time": "2023-02-21T07:36:13", "duration": "0.05", "finished": "1676964973.05", "exception": "'EmailMultiAlternatives' object has no attribute 'attach_alterntive'", "traceback": "  File \"/home/robotekh/Документы/NewsPaper/venv/lib/python3.10/site-packages/apscheduler/executors/base.py\", line 125, in run_job\n    retval = job.func(*job.args, **job.kwargs)\n  File \"/home/robotekh/Документы/NewsPaper/news/management/commands/runapscheduler.py\", line 50, in my_job\n    msg.attach_alterntive(html_content, 'text/html')\n"}}, {"model": "django_apscheduler.djangojobexecution", "pk": 99, "fields": {"job": "my_job", "status": "Error!", "run_time": "2023-02-21T07:36:14", "duration": "0.04", "finished": "1676964974.04", "exception": "'EmailMultiAlternatives' object has no attribute 'attach_alterntive'", "traceback": "  File \"/home/robotekh/Документы/NewsPaper/venv/lib/python3.10/site-packages/apscheduler/executors/base.py\", line 125, in run_job\n    retval = job.func(*job.args, **job.kwargs)\n  File \"/home/robotekh/Документы/NewsPaper/news/management/commands/runapscheduler.py\", line 50, in my_job\n    msg.attach_alterntive(html_content, 'text/html')\n"}}, {"model": "django_apscheduler.djangojobexecution", "pk": 100, "fields": {"job": "my_job", "status": "Error!", "run_time": "2023-02-21T07:36:15", "duration": "0.05", "finished": "1676964975.05", "exception": "'EmailMultiAlternatives' object has no attribute 'attach_alterntive'", "traceback": "  File \"/home/robotekh/Документы/NewsPaper/venv/lib/python3.10/site-packages/apscheduler/executors/base.py\", line 125, in run_job\n    retval = job.func(*job.args, **job.kwargs)\n  File \"/home/robotekh/Документы/NewsPaper/news/management/commands/runapscheduler.py\", line 50, in my_job\n    msg.attach_alterntive(html_content, 'text/html')\n"}}, {"model": "django_apscheduler.djangojobexecution", "pk": 101, "fields": {"job": "my_job", "status": "Error!", "run_time": "2023-02-21T07:36:16", "duration": "0.05", "finished": "1676964976.05", "exception": "'EmailMultiAlternatives' object has no attribute 'attach_alterntive'", "traceback": "  File \"/home/robotekh/Документы/NewsPaper/venv/lib/python3.10/site-packages/apscheduler/executors/base.py\", line 125, in run_job\n    retval = job.func(*job.args, **job.kwargs)\n  File \"/home/robotekh/Документы/NewsPaper/news/management/commands/runapscheduler.py\", line 50, in my_job\n    msg.attach_alterntive(html_content, 'text/html')\n"}}, {"model": "django_apscheduler.djangojobexecution", "pk": 102, "fields": {"job": "my_job", "status": "Error!", "run_time": "2023-02-21T07:36:17", "duration": "0.05", "finished": "1676964977.05", "exception": "'EmailMultiAlternatives' object has no attribute 'attach_alterntive'", "traceback": "  File \"/home/robotekh/Документы/NewsPaper/venv/lib/python3.10/site-packages/apscheduler/executors/base.py\", line 125, in run_job\n    retval = job.func(*job.args, **job.kwargs)\n  File \"/home/robotekh/Документы/NewsPaper/news/management/commands/runapscheduler.py\", line 50, in my_job\n    msg.attach_alterntive(html_content, 'text/html')\n"}}, {"model": "django_apscheduler.djangojobexecution", "pk": 103, "fields": {"job": "my_job", "status": "Error!", "run_time": "2023-02-21T07:36:18", "duration": "0.05", "finished": "1676964978.05", "exception": "'EmailMultiAlternatives' object has no attribute 'attach_alterntive'", "traceback": "  File \"/home/robotekh/Документы/NewsPaper/venv/lib/python3.10/site-packages/apscheduler/executors/base.py\", line 125, in run_job\n    retval = job.func(*job.args, **job.kwargs)\n  File \"/home/robotekh/Документы/NewsPaper/news/management/commands/runapscheduler.py\", line 50, in my_job\n    msg.attach_alterntive(html_content, 'text/html')\n"}}, {"model": "django_apscheduler.djangojobexecution", "pk": 104, "fields": {"job": "my_job", "status": "Error!", "run_time": "2023-02-21T07:36:19", "duration": "0.05", "finished": "1676964979.05", "exception": "'EmailMultiAlternatives' object has no attribute 'attach_alterntive'", "traceback": "  File \"/home/robotekh/Документы/NewsPaper/venv/lib/python3.10/site-packages/apscheduler/executors/base.py\", line 125, in run_job\n    retval = job.func(*job.args, **job.kwargs)\n  File \"/home/robotekh/Документы/NewsPaper/news/management/commands/runapscheduler.py\", line 50, in my_job\n    msg.attach_alterntive(html_content, 'text/html')\n"}}, {"model": "django_apscheduler.djangojobexecution", "pk": 105, "fields": {"job": "my_job", "status": "Error!", "run_time": "2023-02-21T07:36:20", "duration": "0.05", "finished": "1676964980.05", "exception": "'EmailMultiAlternatives' object has no attribute 'attach_alterntive'", "traceback": "  File \"/home/robotekh/Документы/NewsPaper/venv/lib/python3.10/site-packages/apscheduler/executors/base.py\", line 125, in run_job\n    retval = job.func(*job.args, **job.kwargs)\n  File \"/home/robotekh/Документы/NewsPaper/news/management/commands/runapscheduler.py\", line 50, in my_job\n    msg.attach_alterntive(html_content, 'text/html')\n"}}, {"model": "django_apscheduler.djangojobexecution", "pk": 106, "fields": {"job": "my_job", "status": "Error!", "run_time": "2023-02-21T07:36:21", "duration": "0.05", "finished": "1676964981.05", "exception": "'EmailMultiAlternatives' object has no attribute 'attach_alterntive'", "traceback": "  File \"/home/robotekh/Документы/NewsPaper/venv/lib/python3.10/site-packages/apscheduler/executors/base.py\", line 125, in run_job\n    retval = job.func(*job.args, **job.kwargs)\n  File \"/home/robotekh/Документы/NewsPaper/news/management/commands/runapscheduler.py\", line 50, in my_job\n    msg.attach_alterntive(html_content, 'text/html')\n"}}, {"model": "django_apscheduler.djangojobexecution", "pk": 107, "fields": {"job": "my_job", "status": "Error!", "run_time": "2023-02-21T07:36:22", "duration": "0.05", "finished": "1676964982.05", "exception": "'EmailMultiAlternatives' object has no attribute 'attach_alterntive'", "traceback": "  File \"/home/robotekh/Документы/NewsPaper/venv/lib/python3.10/site-packages/apscheduler/executors/base.py\", line 125, in run_job\n    retval = job.func(*job.args, **job.kwargs)\n  File \"/home/robotekh/Документы/NewsPaper/news/management/commands/runapscheduler.py\", line 50, in my_job\n    msg.attach_alterntive(html_content, 'text/html')\n"}}, {"model": "django_apscheduler.djangojobexecution", "pk": 108, "fields": {"job": "my_job", "status": "Error!", "run_time": "2023-02-21T07:36:23", "duration": "0.03", "finished": "1676964983.03", "exception": "'EmailMultiAlternatives' object has no attribute 'attach_alterntive'", "traceback": "  File \"/home/robotekh/Документы/NewsPaper/venv/lib/python3.10/site-packages/apscheduler/executors/base.py\", line 125, in run_job\n    retval = job.func(*job.args, **job.kwargs)\n  File \"/home/robotekh/Документы/NewsPaper/news/management/commands/runapscheduler.py\", line 50, in my_job\n    msg.attach_alterntive(html_content, 'text/html')\n"}}, {"model": "django_apscheduler.djangojobexecution", "pk": 109, "fields": {"job": "my_job", "status": "Error!", "run_time": "2023-02-21T07:36:24", "duration": "0.03", "finished": "1676964984.03", "exception": "'EmailMultiAlternatives' object has no attribute 'attach_alterntive'", "traceback": "  File \"/home/robotekh/Документы/NewsPaper/venv/lib/python3.10/site-packages/apscheduler/executors/base.py\", line 125, in run_job\n    retval = job.func(*job.args, **job.kwargs)\n  File \"/home/robotekh/Документы/NewsPaper/news/management/commands/runapscheduler.py\", line 50, in my_job\n    msg.attach_alterntive(html_content, 'text/html')\n"}}, {"model": "django_apscheduler.djangojobexecution", "pk": 110, "fields": {"job": "my_job", "status": "Error!", "run_time": "2023-02-21T07:36:25", "duration": "0.05", "finished": "1676964985.05", "exception": "'EmailMultiAlternatives' object has no attribute 'attach_alterntive'", "traceback": "  File \"/home/robotekh/Документы/NewsPaper/venv/lib/python3.10/site-packages/apscheduler/executors/base.py\", line 125, in run_job\n    retval = job.func(*job.args, **job.kwargs)\n  File \"/home/robotekh/Документы/NewsPaper/news/management/commands/runapscheduler.py\", line 50, in my_job\n    msg.attach_alterntive(html_content, 'text/html')\n"}}, {"model": "django_apscheduler.djangojobexecution", "pk": 111, "fields": {"job": "my_job", "status": "Error!", "run_time": "2023-02-21T07:36:26", "duration": "0.05", "finished": "1676964986.05", "exception": "'EmailMultiAlternatives' object has no attribute 'attach_alterntive'", "traceback": "  File \"/home/robotekh/Документы/NewsPaper/venv/lib/python3.10/site-packages/apscheduler/executors/base.py\", line 125, in run_job\n    retval = job.func(*job.args, **job.kwargs)\n  File \"/home/robotekh/Документы/NewsPaper/news/management/commands/runapscheduler.py\", line 50, in my_job\n    msg.attach_alterntive(html_content, 'text/html')\n"}}, {"model": "django_apscheduler.djangojobexecution", "pk": 112, "fields": {"job": "my_job", "status": "Error!", "run_time": "2023-02-21T07:36:27", "duration": "0.04", "finished": "1676964987.04", "exception": "'EmailMultiAlternatives' object has no attribute 'attach_alterntive'", "traceback": "  File \"/home/robotekh/Документы/NewsPaper/venv/lib/python3.10/site-packages/apscheduler/executors/base.py\", line 125, in run_job\n    retval = job.func(*job.args, **job.kwargs)\n  File \"/home/robotekh/Документы/NewsPaper/news/management/commands/runapscheduler.py\", line 50, in my_job\n    msg.attach_alterntive(html_content, 'text/html')\n"}}, {"model": "django_apscheduler.djangojobexecution", "pk": 113, "fields": {"job": "my_job", "status": "Error!", "run_time": "2023-02-21T07:36:28", "duration": "0.05", "finished": "1676964988.05", "exception": "'EmailMultiAlternatives' object has no attribute 'attach_alterntive'", "traceback": "  File \"/home/robotekh/Документы/NewsPaper/venv/lib/python3.10/site-packages/apscheduler/executors/base.py\", line 125, in run_job\n    retval = job.func(*job.args, **job.kwargs)\n  File \"/home/robotekh/Документы/NewsPaper/news/management/commands/runapscheduler.py\", line 50, in my_job\n    msg.attach_alterntive(html_content, 'text/html')\n"}}, {"model": "django_apscheduler.djangojobexecution", "pk": 114, "fields": {"job": "my_job", "status": "Error!", "run_time": "2023-02-21T07:36:29", "duration": "0.05", "finished": "1676964989.05", "exception": "'EmailMultiAlternatives' object has no attribute 'attach_alterntive'", "traceback": "  File \"/home/robotekh/Документы/NewsPaper/venv/lib/python3.10/site-packages/apscheduler/executors/base.py\", line 125, in run_job\n    retval = job.func(*job.args, **job.kwargs)\n  File \"/home/robotekh/Документы/NewsPaper/news/management/commands/runapscheduler.py\", line 50, in my_job\n    msg.attach_alterntive(html_content, 'text/html')\n"}}, {"model": "django_apscheduler.djangojobexecution", "pk": 115, "fields": {"job": "my_job", "status": "Error!", "run_time": "2023-02-21T07:36:30", "duration": "0.05", "finished": "1676964990.05", "exception": "'EmailMultiAlternatives' object has no attribute 'attach_alterntive'", "traceback": "  File \"/home/robotekh/Документы/NewsPaper/venv/lib/python3.10/site-packages/apscheduler/executors/base.py\", line 125, in run_job\n    retval = job.func(*job.args, **job.kwargs)\n  File \"/home/robotekh/Документы/NewsPaper/news/management/commands/runapscheduler.py\", line 50, in my_job\n    msg.attach_alterntive(html_content, 'text/html')\n"}}, {"model": "django_apscheduler.djangojobexecution", "pk": 116, "fields": {"job": "my_job", "status": "Error!", "run_time": "2023-02-21T07:36:31", "duration": "0.05", "finished": "1676964991.05", "exception": "'EmailMultiAlternatives' object has no attribute 'attach_alterntive'", "traceback": "  File \"/home/robotekh/Документы/NewsPaper/venv/lib/python3.10/site-packages/apscheduler/executors/base.py\", line 125, in run_job\n    retval = job.func(*job.args, **job.kwargs)\n  File \"/home/robotekh/Документы/NewsPaper/news/management/commands/runapscheduler.py\", line 50, in my_job\n    msg.attach_alternative(html_content, 'text/html')\n"}}, {"model": "django_apscheduler.djangojobexecution", "pk": 117, "fields": {"job": "my_job", "status": "Executed", "run_time": "2023-02-21T07:36:35", "duration": "0.66", "finished": "1676964995.66", "exception": null, "traceback": null}}, {"model": "django_apscheduler.djangojobexecution", "pk": 118, "fields": {"job": "my_job", "status": "Executed", "run_time": "2023-02-21T07:36:36", "duration": "0.46", "finished": "1676964996.46", "exception": null, "traceback": null}}, {"model": "django_apscheduler.djangojobexecution", "pk": 119, "fields": {"job": "my_job", "status": "Executed", "run_time": "2023-02-21T07:36:37", "duration": "0.50", "finished": "1676964997.50", "exception": null, "traceback": null}}, {"model": "django_apscheduler.djangojobexecution", "pk": 120, "fields": {"job": "my_job", "status": "Executed", "run_time": "2023-02-21T07:36:38", "duration": "0.73", "finished": "1676964998.73", "exception": null, "traceback": null}}, {"model": "django_apscheduler.djangojobexecution", "pk": 121, "fields": {"job": "my_job", "status": "Executed", "run_time": "2023-02-21T07:36:39", "duration": "0.51", "finished": "1676964999.51", "exception": null, "traceback": null}}]